origname,varname,dispname
NEWID,NEWID,NEWID
NEWID_PART,NEWID_PART,NEWID_PART
URBAN_RURAL,URBAN_RURAL,URBAN_RURAL
METRO,METRO,METRO
DWATE,DWATE,DWATE
DWATE_PART,DWATE_PART,DWATE_PART
FPWATE,FPWATE,FPWATE
FWATE,FWATE,FWATE
LANGUAGE,LANGUAGE,LANGUAGE
VERIFSEX,VERIFSEX,VERIFSEX
SCR1,SCR1,SCR1
MARRIED,MARRIED,MARRIED
DIVORCED,DIVORCED,DIVORCED
WIDOWED,WIDOWED,WIDOWED
SEPARATED,SEPARATED,SEPARATED
NEVERMARRIED,NEVERMARRIED,NEVERMARRIED
LESBIANPART,LESBIANPART,LESBIANPART
COHABITING,COHABITING,COHABITING
SCR1A,SCR1A,SCR1A
SCR2,SCR2,Age
SCR3,SCR3,Ever given birth
SCR4,SCR4,"TTC, unable"
SCR5,SCR5,"regular sex, not pregnant"
SCR6,SCR6,SCR6
SCRN7,SCRN7,SCRN7
Q1A,Q1A,how impt to raise kids
Q1C,Q1C,how impt successful in work
Q1D,Q1D,how impt lesire to pursue own 
Q2A,Q2A,Q2A
Q2C,Q2C,Q2C
Q2D,Q2D,Q2D
Q2E,Q2E,Q2E
FLAGQ2A,FLAGQ2A,FLAGQ2A
FLAGQ2C,FLAGQ2C,FLAGQ2C
FLAGQ2D,FLAGQ2D,FLAGQ2D
FLAGQ2E,FLAGQ2E,FLAGQ2E
Q2AN,Q2AN,Q2AN
Q2CN,Q2CN,Q2CN
Q2DN,Q2DN,Q2DN
Q2EN,Q2EN,Q2EN
IMPPAR1_I,IMPPAR1_I,IMPPAR1_I
IMPPAR2_I,IMPPAR2_I,IMPPAR2_I
IMPPAR3_I,IMPPAR3_I,IMPPAR3_I
IMPPAR4_I,IMPPAR4_I,IMPPAR4_I
IMPPAR_I,IMPPAR_I,IMPPAR_I
ELIG_IMPPAR,ELIG_IMPPAR,ELIG_IMPPAR
IMPPAR,IMPPAR,IMPPAR
Q2F,Q2F,Q2F
Q2G,Q2G,Q2G
Q2B,Q2B,Q2B
Q2K,Q2K,Q2K
Q2L,Q2L,Q2L
TRADITIONAL,TRADITIONAL,TRADITIONAL
Q3A,Q3A,Q3A
EMPLOYEDFT,EMPLOYEDFT,EMPLOYEDFT
EMPLOYEDPT,EMPLOYEDPT,EMPLOYEDPT
UNEMPLOYED,UNEMPLOYED,UNEMPLOYED
RETIRED,RETIRED,RETIRED
INSCHOOL,INSCHOOL,INSCHOOL
KEEPHOUSE,KEEPHOUSE,KEEPHOUSE
DISABLED,DISABLED,DISABLED
OTHER_EMPLOY,OTHER_EMPLOY,OTHER_EMPLOY
Q3A1,Q3A1,Q3A1
Q5A,Q5A,Q5A
AGE_PART,AGE_PART,AGE_PART
Q6A,Q6A,Q6A
EMPLOYEDFT_PART,EMPLOYEDFT_PART,EMPLOYEDFT_PART
EMPLOYEDPT_PART,EMPLOYEDPT_PART,EMPLOYEDPT_PART
UNEMPLOYED_PART,UNEMPLOYED_PART,UNEMPLOYED_PART
RETIRED_PART,RETIRED_PART,RETIRED_PART
INSCHOOL_PART,INSCHOOL_PART,INSCHOOL_PART
KEEPHOUSE_PART,KEEPHOUSE_PART,KEEPHOUSE_PART
DISABLED_PART,DISABLED_PART,DISABLED_PART
OTHER_EMPLOY_PART,OTHER_EMPLOY_PART,OTHER_EMPLOY_PART
RACE1,RACE1,RACE1
RACE2,RACE2,RACE2
RACE3,RACE3,RACE3
RACE4,RACE4,RACE4
RACE5,RACE5,RACE5
RACE6,RACE6,RACE6
RACE7,RACE7,RACE7
RACE8,RACE8,RACE8
RACE9,RACE9,RACE9
HISP,HISP,HISP
NXT2,NXT2,NXT2
SEX2,SEX2,SEX2
RELN2,RELN2,RELN2
AGE2,AGE2,AGE2
NXT3,NXT3,NXT3
SEX3,SEX3,SEX3
RELN3,RELN3,RELN3
AGE3,AGE3,AGE3
NXT4,NXT4,NXT4
SEX4,SEX4,SEX4
RELN4,RELN4,RELN4
AGE4,AGE4,AGE4
NXT5,NXT5,NXT5
SEX5,SEX5,SEX5
RELN5,RELN5,RELN5
AGE5,AGE5,AGE5
NXT6,NXT6,NXT6
SEX6,SEX6,SEX6
RELN6,RELN6,RELN6
AGE6,AGE6,AGE6
NXT7,NXT7,NXT7
SEX7,SEX7,SEX7
RELN7,RELN7,RELN7
AGE7,AGE7,AGE7
Q8A,Q8A,Q8A
Q8B,Q8B,Q8B
Q8C,Q8C,Q8C
Q8D,Q8D,Q8D
FLAGQ8A,FLAGQ8A,FLAGQ8A
FLAGQ8B,FLAGQ8B,FLAGQ8B
FLAGQ8C,FLAGQ8C,FLAGQ8C
FLAGQ8D,FLAGQ8D,FLAGQ8D
Q8AN,Q8AN,Q8AN
Q8BN,Q8BN,Q8BN
Q8CN,Q8CN,Q8CN
Q8DN,Q8DN,Q8DN
LIFESAT1_I,LIFESAT1_I,LIFESAT1_I
LIFESAT2_I,LIFESAT2_I,LIFESAT2_I
LIFESAT3_I,LIFESAT3_I,LIFESAT3_I
LIFESAT4_I,LIFESAT4_I,LIFESAT4_I
ELIG_LIFESAT,ELIG_LIFESAT,ELIG_LIFESAT
LIFESAT,LIFESAT,LIFESAT
LIFESAT_I,LIFESAT_I,LIFESAT_I
Q8E,Q8E,Q8E
Q8F,Q8F,Q8F
Q8G,Q8G,Q8G
Q8H,Q8H,Q8H
Q8I,Q8I,Q8I
Q8J,Q8J,Q8J
FLAGQ8E,FLAGQ8E,FLAGQ8E
FLAGQ8F,FLAGQ8F,FLAGQ8F
FLAGQ8G,FLAGQ8G,FLAGQ8G
FLAGQ8H,FLAGQ8H,FLAGQ8H
FLAGQ8I,FLAGQ8I,FLAGQ8I
FLAGQ8J,FLAGQ8J,FLAGQ8J
Q8EN,Q8EN,Q8EN
Q8FN,Q8FN,Q8FN
Q8GN,Q8GN,Q8GN
Q8HN,Q8HN,Q8HN
Q8IN,Q8IN,Q8IN
Q8JN,Q8JN,Q8JN
ELIG_MEDLOC,ELIG_MEDLOC,ELIG_MEDLOC
MEDLOC,MEDLOC,MEDLOC
NEWMEDLOC_I,NEWMEDLOC_I,NEWMEDLOC_I
Q9,Q9,Q9
Q9A1,Q9A1,Q9A1
Q9A2,Q9A2,Q9A2
CURR_TRYING,CURR_TRYING,CURR_TRYING
CURR_NOTRYING,CURR_NOTRYING,CURR_NOTRYING
CURR_OKEITHER,CURR_OKEITHER,CURR_OKEITHER
Q9B,Q9B,Q9B
Q9C1,Q9C1,Q9C1
Q9C2,Q9C2,Q9C2
Q9C2A,Q9C2A,Q9C2A
Q9C2A2,Q9C2A2,Q9C2A2
P1FADVC,P1FADVC,P1FADVC
P1SMOKE,P1SMOKE,P1SMOKE
P1OPK,P1OPK,P1OPK
P1SURG,P1SURG,P1SURG
P1DRUG,P1DRUG,P1DRUG
P1TEST,P1TEST,P1TEST
P1OTHER,P1OTHER,P1OTHER
P1DK,P1DK,P1DK
P1REF,P1REF,P1REF
P1DADVC,P1DADVC,P1DADVC
Q9C3,Q9C3,Q9C3
Q9C4,Q9C4,Q9C4
Q9C1_2,Q9C1_2,Q9C1_2
Q9C2_2,Q9C2_2,Q9C2_2
Q9C2A_2,Q9C2A_2,Q9C2A_2
Q9C2A1_2,Q9C2A1_2,Q9C2A1_2
Q9C2A2_2,Q9C2A2_2,Q9C2A2_2
P2FADVC,P2FADVC,P2FADVC
P2SMOKE,P2SMOKE,P2SMOKE
P2OPK,P2OPK,P2OPK
P2SURG,P2SURG,P2SURG
P2DRUG,P2DRUG,P2DRUG
P2TEST,P2TEST,P2TEST
P2OTHER,P2OTHER,P2OTHER
P2DK,P2DK,P2DK
P2REF,P2REF,P2REF
P2DADVC,P2DADVC,P2DADVC
Q9C3_2,Q9C3_2,Q9C3_2
Q9C4_2,Q9C4_2,Q9C4_2
Q9C1_3,Q9C1_3,Q9C1_3
Q9C2_3,Q9C2_3,Q9C2_3
Q9C2A_3,Q9C2A_3,Q9C2A_3
Q9C2A1_3,Q9C2A1_3,Q9C2A1_3
Q9C2A2_3,Q9C2A2_3,Q9C2A2_3
P3FADVC,P3FADVC,P3FADVC
P3SMOKE,P3SMOKE,P3SMOKE
P3OPK,P3OPK,P3OPK
P3SURG,P3SURG,P3SURG
P3DRUG,P3DRUG,P3DRUG
P3TEST,P3TEST,P3TEST
P3OTHER,P3OTHER,P3OTHER
P3DK,P3DK,P3DK
P3REF,P3REF,P3REF
P3DADVC,P3DADVC,P3DADVC
Q9C3_3,Q9C3_3,Q9C3_3
Q9C4_3,Q9C4_3,Q9C4_3
Q9C1_4,Q9C1_4,Q9C1_4
Q9C2_4,Q9C2_4,Q9C2_4
Q9C2A_4,Q9C2A_4,Q9C2A_4
Q9C2A1_4,Q9C2A1_4,Q9C2A1_4
Q9C2A2_4,Q9C2A2_4,Q9C2A2_4
P4FADVC,P4FADVC,P4FADVC
P4SMOKE,P4SMOKE,P4SMOKE
P4OPK,P4OPK,P4OPK
P4SURG,P4SURG,P4SURG
P4DRUG,P4DRUG,P4DRUG
P4TEST,P4TEST,P4TEST
P4OTHER,P4OTHER,P4OTHER
P4DK,P4DK,P4DK
P4REF,P4REF,P4REF
P4DADVC,P4DADVC,P4DADVC
Q9C3_4,Q9C3_4,Q9C3_4
Q9C4_4,Q9C4_4,Q9C4_4
Q9C1_5,Q9C1_5,Q9C1_5
Q9C2_5,Q9C2_5,Q9C2_5
Q9C2A_5,Q9C2A_5,Q9C2A_5
Q9C2A1_5,Q9C2A1_5,Q9C2A1_5
Q9C2A2_5,Q9C2A2_5,Q9C2A2_5
P5FADVC,P5FADVC,P5FADVC
P5SMOKE,P5SMOKE,P5SMOKE
P5OPK,P5OPK,P5OPK
P5SURG,P5SURG,P5SURG
P5DRUG,P5DRUG,P5DRUG
P5TEST,P5TEST,P5TEST
P5OTHER,P5OTHER,P5OTHER
P5DK,P5DK,P5DK
P5REF,P5REF,P5REF
P5DADVC,P5DADVC,P5DADVC
Q9C3_5,Q9C3_5,Q9C3_5
Q9C4_5,Q9C4_5,Q9C4_5
Q9C1_6,Q9C1_6,Q9C1_6
Q9C2_6,Q9C2_6,Q9C2_6
Q9C2A_6,Q9C2A_6,Q9C2A_6
Q9C2A1_6,Q9C2A1_6,Q9C2A1_6
Q9C2A2_6,Q9C2A2_6,Q9C2A2_6
P6FADVC,P6FADVC,P6FADVC
P6SMOKE,P6SMOKE,P6SMOKE
P6OPK,P6OPK,P6OPK
P6SURG,P6SURG,P6SURG
P6DRUG,P6DRUG,P6DRUG
P6TEST,P6TEST,P6TEST
P6OTHER,P6OTHER,P6OTHER
P6DK,P6DK,P6DK
P6REF,P6REF,P6REF
P6DADVC,P6DADVC,P6DADVC
Q9C3_6,Q9C3_6,Q9C3_6
Q9C4_6,Q9C4_6,Q9C4_6
Q9C1_7,Q9C1_7,Q9C1_7
Q9C2_7,Q9C2_7,Q9C2_7
Q9C2A_7,Q9C2A_7,Q9C2A_7
Q9C2A1_7,Q9C2A1_7,Q9C2A1_7
Q9C2A2_7,Q9C2A2_7,Q9C2A2_7
P7FADVC,P7FADVC,P7FADVC
P7SMOKE,P7SMOKE,P7SMOKE
P7OPK,P7OPK,P7OPK
P7SURG,P7SURG,P7SURG
P7DRUG,P7DRUG,P7DRUG
P7TEST,P7TEST,P7TEST
P7OTHER,P7OTHER,P7OTHER
P7DK,P7DK,P7DK
P7REF,P7REF,P7REF
P7DADVC,P7DADVC,P7DADVC
Q9C3_7,Q9C3_7,Q9C3_7
Q9C4_7,Q9C4_7,Q9C4_7
Q9C1_8,Q9C1_8,Q9C1_8
Q9C2_8,Q9C2_8,Q9C2_8
Q9C2A_8,Q9C2A_8,Q9C2A_8
Q9C2A1_8,Q9C2A1_8,Q9C2A1_8
Q9C2A2_8,Q9C2A2_8,Q9C2A2_8
P8FADVC,P8FADVC,P8FADVC
P8SMOKE,P8SMOKE,P8SMOKE
P8OPK,P8OPK,P8OPK
P8SURG,P8SURG,P8SURG
P8DRUG,P8DRUG,P8DRUG
P8TEST,P8TEST,P8TEST
P8OTHER,P8OTHER,P8OTHER
P8DK,P8DK,P8DK
P8REF,P8REF,P8REF
P8DADVC,P8DADVC,P8DADVC
Q9C3_8,Q9C3_8,Q9C3_8
Q9C4_8,Q9C4_8,Q9C4_8
Q9C1_9,Q9C1_9,Q9C1_9
Q9C2_9,Q9C2_9,Q9C2_9
Q9C2A_9,Q9C2A_9,Q9C2A_9
Q9C2A1_9,Q9C2A1_9,Q9C2A1_9
Q9C2A2_9,Q9C2A2_9,Q9C2A2_9
P9FADVC,P9FADVC,P9FADVC
P9SMOKE,P9SMOKE,P9SMOKE
P9OPK,P9OPK,P9OPK
P9SURG,P9SURG,P9SURG
P9DRUG,P9DRUG,P9DRUG
P9TEST,P9TEST,P9TEST
P9OTHER,P9OTHER,P9OTHER
P9DK,P9DK,P9DK
P9REF,P9REF,P9REF
P9DADVC,P9DADVC,P9DADVC
Q9C3_9,Q9C3_9,Q9C3_9
Q9C4_9,Q9C4_9,Q9C4_9
Q9C1_10,Q9C1_10,Q9C1_10
Q9C2_10,Q9C2_10,Q9C2_10
Q9C2A_10,Q9C2A_10,Q9C2A_10
Q9C2A1_10,Q9C2A1_10,Q9C2A1_10
Q9C2A2_10,Q9C2A2_10,Q9C2A2_10
P10FADVC,P10FADVC,P10FADVC
P10SMOKE,P10SMOKE,P10SMOKE
P10OPK,P10OPK,P10OPK
P10SURG,P10SURG,P10SURG
P10DRUG,P10DRUG,P10DRUG
P10TEST,P10TEST,P10TEST
P10OTHER,P10OTHER,P10OTHER
P10DK,P10DK,P10DK
P10REF,P10REF,P10REF
P10DADVC,P10DADVC,P10DADVC
Q9C3_10,Q9C3_10,Q9C3_10
Q9C4_10,Q9C4_10,Q9C4_10
Q10,Q10,Q10
Q10A,Q10A,Q10A
Q11,Q11,Q11
Q11A,Q11A,Q11A
Q11B,Q11B,Q11B
Q12,Q12,Q12
Q13,Q13,Q13
Q13B,Q13B,Q13B
INTADOPT,INTADOPT,INTADOPT
Q13B1,Q13B1,Q13B1
Q13C,Q13C,Q13C
Q13C1_1,Q13C1_1,Q13C1_1
Q13C1_2,Q13C1_2,Q13C1_2
Q13C1_3,Q13C1_3,Q13C1_3
Q13C1_4,Q13C1_4,Q13C1_4
Q13C1_5,Q13C1_5,Q13C1_5
Q13C1_6,Q13C1_6,Q13C1_6
Q13C1_7,Q13C1_7,Q13C1_7
Q13C1_8,Q13C1_8,Q13C1_8
Q13C1_9,Q13C1_9,Q13C1_9
Q13C1_10,Q13C1_10,Q13C1_10
Q13D,Q13D,Q13D
Q13D1_1,Q13D1_1,Q13D1_1
Q13D1_2,Q13D1_2,Q13D1_2
Q13D1_3,Q13D1_3,Q13D1_3
Q13D1_4,Q13D1_4,Q13D1_4
Q13D1_5,Q13D1_5,Q13D1_5
Q13D1_6,Q13D1_6,Q13D1_6
Q13D1_7,Q13D1_7,Q13D1_7
Q13D1_8,Q13D1_8,Q13D1_8
Q13D1_9,Q13D1_9,Q13D1_9
Q13D2,Q13D2,Q13D2
Q14,Q14,Q14
Q14A,Q14A,Q14A
Q15,Q15,Q15
Q15A,Q15A,Q15A
Q16,Q16,Q16
Q16A,Q16A,Q16A
Q16B,Q16B,Q16B
Q17,Q17,Q17
Q18,Q18,Q18
Q19,Q19,Q19
Q19A,Q19A,Q19A
Q19A_GRANDMOTHER,Q19A_GRANDMOTHER,Q19A_GRANDMOTHER
Q19A_AUNT,Q19A_AUNT,Q19A_AUNT
Q19A_SISTER,Q19A_SISTER,Q19A_SISTER
Q19A_FAMFRIEND,Q19A_FAMFRIEND,Q19A_FAMFRIEND
Q19A_GODMOTHER,Q19A_GODMOTHER,Q19A_GODMOTHER
Q19A_PARTNER,Q19A_PARTNER,Q19A_PARTNER
Q19A_OTHER,Q19A_OTHER,Q19A_OTHER
Q19A_OTHERFAM,Q19A_OTHERFAM,Q19A_OTHERFAM
Q19A_NANNY,Q19A_NANNY,Q19A_NANNY
Q21,Q21,Q21
Q21A_1,Q21A_1,Q21A_1
Q21A_2,Q21A_2,Q21A_2
Q21A_3,Q21A_3,Q21A_3
Q21A_4,Q21A_4,Q21A_4
Q21A_5,Q21A_5,Q21A_5
Q21A_6,Q21A_6,Q21A_6
Q21E,Q21E,Q21E
Q21D,Q21D,Q21D
Q22,Q22,Q22
Q22_L,Q22_L,Q22_L
Q22A_L_1,Q22A_L_1,Q22A_L_1
Q22A_L_2,Q22A_L_2,Q22A_L_2
Q22A_L_3,Q22A_L_3,Q22A_L_3
Q22A_L_4,Q22A_L_4,Q22A_L_4
Q22A_L_5,Q22A_L_5,Q22A_L_5
Q22A_L_6,Q22A_L_6,Q22A_L_6
SURG_PART_VASECTOMY,SURG_PART_VASECTOMY,SURG_PART_VASECTOMY
SURG_PART_TESTESREM,SURG_PART_TESTESREM,SURG_PART_TESTESREM
SURG_PART_OTHER,SURG_PART_OTHER,SURG_PART_OTHER
Q22C_1,Q22C_1,Q22C_1
Q22C_2,Q22C_2,Q22C_2
Q22C_3,Q22C_3,Q22C_3
Q22C_4,Q22C_4,Q22C_4
Q22C_5,Q22C_5,Q22C_5
Q22C_6,Q22C_6,Q22C_6
Q22C_7,Q22C_7,Q22C_7
Q22C_8,Q22C_8,Q22C_8
Q22C_9,Q22C_9,Q22C_9
Q22C_10,Q22C_10,Q22C_10
Q22C_11,Q22C_11,Q22C_11
Q22C_12,Q22C_12,Q22C_12
Q22C_13,Q22C_13,Q22C_13
Q22C_14,Q22C_14,Q22C_14
Q22C_L_1,Q22C_L_1,Q22C_L_1
Q22C_L_2,Q22C_L_2,Q22C_L_2
Q22C_L_3,Q22C_L_3,Q22C_L_3
Q22C_L_4,Q22C_L_4,Q22C_L_4
Q22C_L_5,Q22C_L_5,Q22C_L_5
Q22C_L_6,Q22C_L_6,Q22C_L_6
Q22C_L_7,Q22C_L_7,Q22C_L_7
Q22C_L_8,Q22C_L_8,Q22C_L_8
Q22C_L_9,Q22C_L_9,Q22C_L_9
Q22C_L_10,Q22C_L_10,Q22C_L_10
Q22E,Q22E,Q22E
Q22D,Q22D,Q22D
Q22F,Q22F,Q22F
Q22F1,Q22F1,Q22F1
Q23,Q23,Q23
Q23A,Q23A,Q23A
Q23A1A,Q23A1A,Q23A1A
Q24,Q24,Q24
Q24A,Q24A,Q24A
Q24A1A,Q24A1A,Q24A1A
Q24C,Q24C,Q24C
Q24C_HOPEGETPREG,Q24C_HOPEGETPREG,Q24C_HOPEGETPREG
Q24C_NOTWANTPREG,Q24C_NOTWANTPREG,Q24C_NOTWANTPREG
Q24C_OKEITHER,Q24C_OKEITHER,Q24C_OKEITHER
Q25,Q25,Q25
Q25B,Q25B,Q25B
Q25C,Q25C,Q25C
Q26,Q26,Q26
CHECKL,CHECKL,CHECKL
Q26A,Q26A,Q26A
Q27,Q27,Q27
Q27A,Q27A,Q27A
Q27A1,Q27A1,Q27A1
Q27D,Q27D,Q27D
Q27F_1,Q27F_1,Q27F_1
Q27F_2,Q27F_2,Q27F_2
Q27F_3,Q27F_3,Q27F_3
Q27F_4,Q27F_4,Q27F_4
Q27F_5,Q27F_5,Q27F_5
Q27F_6,Q27F_6,Q27F_6
Q27F_7,Q27F_7,Q27F_7
Q29,Q29,Q29
Q29C,Q29C,Q29C
Q29D_1,Q29D_1,Q29D_1
Q29D_2,Q29D_2,Q29D_2
Q29D_3,Q29D_3,Q29D_3
Q29D_4,Q29D_4,Q29D_4
Q29D_5,Q29D_5,Q29D_5
Q29D_6,Q29D_6,Q29D_6
Q29D_7,Q29D_7,Q29D_7
Q29D_8,Q29D_8,Q29D_8
Q29D_9,Q29D_9,Q29D_9
Q29D_10,Q29D_10,Q29D_10
Q30,Q30,Q30
Q30A,Q30A,Q30A
Q30A1_1,Q30A1_1,Q30A1_1
Q30A1_2,Q30A1_2,Q30A1_2
Q30A1_3,Q30A1_3,Q30A1_3
Q30A1_4,Q30A1_4,Q30A1_4
Q30A1_5,Q30A1_5,Q30A1_5
Q30A1_6,Q30A1_6,Q30A1_6
Q30A1_7,Q30A1_7,Q30A1_7
Q30A1_8,Q30A1_8,Q30A1_8
Q30A1_9,Q30A1_9,Q30A1_9
Q31D,Q31D,Q31D
Q31D_ALLCOST,Q31D_ALLCOST,Q31D_ALLCOST
Q31D_MOSTCOST,Q31D_MOSTCOST,Q31D_MOSTCOST
Q31D_HALFCOST,Q31D_HALFCOST,Q31D_HALFCOST
Q31D_LESSHALFCOST,Q31D_LESSHALFCOST,Q31D_LESSHALFCOST
Q31D_NONECOST,Q31D_NONECOST,Q31D_NONECOST
Q31F,Q31F,Q31F
Q31F1,Q31F1,Q31F1
Q31F3,Q31F3,Q31F3
Q31F3_A,Q31F3_A,Q31F3_A
Q31F3_B1,Q31F3_B1,Q31F3_B1
Q31F3_B2,Q31F3_B2,Q31F3_B2
Q31F3_B3,Q31F3_B3,Q31F3_B3
Q31F3_B4,Q31F3_B4,Q31F3_B4
Q31F3_B5,Q31F3_B5,Q31F3_B5
Q31F3_B6,Q31F3_B6,Q31F3_B6
Q31F3_B7,Q31F3_B7,Q31F3_B7
Q31F3_B8,Q31F3_B8,Q31F3_B8
Q31F3_B9,Q31F3_B9,Q31F3_B9
Q31F3_10,Q31F3_10,Q31F3_10
Q31F3_11,Q31F3_11,Q31F3_11
Q31F3_12,Q31F3_12,Q31F3_12
Q31F3_13,Q31F3_13,Q31F3_13
Q31F3_14,Q31F3_14,Q31F3_14
Q31F3_15,Q31F3_15,Q31F3_15
Q31F3_16,Q31F3_16,Q31F3_16
Q31G,Q31G,Q31G
Q31H,Q31H,Q31H
Q31H1,Q31H1,Q31H1
Q32,Q32,Q32
Q32A,Q32A,Q32A
Q32B2,Q32B2,Q32B2
Q32C,Q32C,Q32C
Q32C2,Q32C2,Q32C2
Q32F,Q32F,Q32F
Q34A,Q34A,Q34A
Q34B,Q34B,Q34B
Q34C,Q34C,Q34C
Q35A,Q35A,Q35A
Q35B,Q35B,Q35B
Q36B,Q36B,Q36B
Q36C,Q36C,Q36C
Q36D,Q36D,Q36D
Q36F,Q36F,Q36F
Q36G,Q36G,Q36G
Q36H,Q36H,Q36H
Q36I,Q36I,Q36I
Q36J,Q36J,Q36J
Q36K,Q36K,Q36K
Q36L,Q36L,Q36L
Q36M,Q36M,Q36M
Q36M3,Q36M3,Q36M3
Q36O,Q36O,Q36O
FLAGQ36B,FLAGQ36B,FLAGQ36B
FLAGQ36C,FLAGQ36C,FLAGQ36C
FLAGQ36D,FLAGQ36D,FLAGQ36D
FLAGQ36F,FLAGQ36F,FLAGQ36F
FLAGQ36G,FLAGQ36G,FLAGQ36G
FLAGQ36H,FLAGQ36H,FLAGQ36H
FLAGQ36I,FLAGQ36I,FLAGQ36I
FLAGQ36J,FLAGQ36J,FLAGQ36J
FLAGQ36K,FLAGQ36K,FLAGQ36K
FLAGQ36L,FLAGQ36L,FLAGQ36L
FLAGQ36M,FLAGQ36M,FLAGQ36M
FLAGQ36M3,FLAGQ36M3,FLAGQ36M3
FLAGQ36O,FLAGQ36O,FLAGQ36O
Q36BN,Q36BN,Q36BN
Q36CN,Q36CN,Q36CN
Q36DN,Q36DN,Q36DN
Q36FN,Q36FN,Q36FN
Q36GN,Q36GN,Q36GN
Q36HN,Q36HN,Q36HN
Q36IN,Q36IN,Q36IN
Q36JN,Q36JN,Q36JN
Q36KN,Q36KN,Q36KN
Q36LN,Q36LN,Q36LN
Q36MN,Q36MN,Q36MN
Q36M3N,Q36M3N,Q36M3N
Q36ON,Q36ON,Q36ON
ELIG_TREATSERIES,ELIG_TREATSERIES,ELIG_TREATSERIES
NOTREAT,NOTREAT,NOTREAT
NOTREAT_I,NOTREAT_I,NOTREAT_I
Q37B,Q37B,Q37B
Q37C,Q37C,Q37C
Q37D,Q37D,Q37D
Q38,Q38,Q38
Q38B,Q38B,Q38B
Q38A1,Q38A1,Q38A1
Q38A3,Q38A3,Q38A3
Q38A4,Q38A4,Q38A4
Q38A5,Q38A5,Q38A5
Q38A6,Q38A6,Q38A6
Q38C1,Q38C1,Q38C1
Q38C2,Q38C2,Q38C2
Q38C4,Q38C4,Q38C4
Q38C6,Q38C6,Q38C6
Q38C7,Q38C7,Q38C7
Q38D,Q38D,Q38D
Q38E,Q38E,Q38E
Q38F1,Q38F1,Q38F1
Q38F3,Q38F3,Q38F3
Q38F4,Q38F4,Q38F4
Q38F5,Q38F5,Q38F5
Q38F6,Q38F6,Q38F6
Q38G,Q38G,Q38G
Q38G_POPMAG,Q38G_POPMAG,Q38G_POPMAG
Q38G_TECHJOURNAL,Q38G_TECHJOURNAL,Q38G_TECHJOURNAL
Q38G_BOOKS,Q38G_BOOKS,Q38G_BOOKS
Q38G_SUPPGROUPS,Q38G_SUPPGROUPS,Q38G_SUPPGROUPS
Q38G_INTERNET,Q38G_INTERNET,Q38G_INTERNET
Q38G_INTSUPP,Q38G_INTSUPP,Q38G_INTSUPP
Q38G_INTPROF,Q38G_INTPROF,Q38G_INTPROF
Q38G_FAMINFO,Q38G_FAMINFO,Q38G_FAMINFO
Q38G_OTHER,Q38G_OTHER,Q38G_OTHER
Q38G_INAP,Q38G_INAP,Q38G_INAP
Q38G_PROFESSIONAL,Q38G_PROFESSIONAL,Q38G_PROFESSIONAL
Q120,Q120,Q120
Q121,Q121,Q121
Q121A_1,Q121A_1,Q121A_1
Q121A_2,Q121A_2,Q121A_2
Q121A_3,Q121A_3,Q121A_3
Q121A_4,Q121A_4,Q121A_4
Q121A_5,Q121A_5,Q121A_5
Q121A_6,Q121A_6,Q121A_6
Q121A_7,Q121A_7,Q121A_7
Q121A_8,Q121A_8,Q121A_8
Q121B,Q121B,Q121B
Q121C,Q121C,Q121C
Q121D_1,Q121D_1,Q121D_1
Q121D_2,Q121D_2,Q121D_2
Q121D_3,Q121D_3,Q121D_3
Q121D_4,Q121D_4,Q121D_4
Q121D_5,Q121D_5,Q121D_5
Q121D_6,Q121D_6,Q121D_6
Q121D_7,Q121D_7,Q121D_7
Q121E,Q121E,Q121E
Q122,Q122,Q122
Q122A_1,Q122A_1,Q122A_1
Q122A_2,Q122A_2,Q122A_2
Q122A_3,Q122A_3,Q122A_3
Q122A_4,Q122A_4,Q122A_4
Q122A_5,Q122A_5,Q122A_5
Q122A_6,Q122A_6,Q122A_6
Q122B,Q122B,Q122B
Q122C,Q122C,Q122C
Q122D,Q122D,Q122D
Q122F,Q122F,Q122F
Q122F1,Q122F1,Q122F1
Q39A,Q39A,Q39A
Q39B,Q39B,Q39B
Q39C,Q39C,Q39C
Q39E,Q39E,Q39E
Q39G,Q39G,Q39G
Q39I,Q39I,Q39I
FLAGQ39A,FLAGQ39A,FLAGQ39A
FLAGQ39B,FLAGQ39B,FLAGQ39B
FLAGQ39C,FLAGQ39C,FLAGQ39C
FLAGQ39E,FLAGQ39E,FLAGQ39E
FLAGQ39G,FLAGQ39G,FLAGQ39G
FLAGQ39I,FLAGQ39I,FLAGQ39I
Q39AN,Q39AN,Q39AN
Q39BN,Q39BN,Q39BN
Q39CN,Q39CN,Q39CN
Q39EN,Q39EN,Q39EN
Q39GN,Q39GN,Q39GN
Q39IN,Q39IN,Q39IN
ELIG_FERTDISTRESS,ELIG_FERTDISTRESS,ELIG_FERTDISTRESS
FERTDISTRESS,FERTDISTRESS,FERTDISTRESS
FERTDISTRESS_I,FERTDISTRESS_I,FERTDISTRESS_I
Q39D,Q39D,Q39D
Q39H,Q39H,Q39H
FLAGQ39D,FLAGQ39D,FLAGQ39D
FLAGQ39H,FLAGQ39H,FLAGQ39H
Q39DN,Q39DN,Q39DN
Q39HN,Q39HN,Q39HN
FERTBARRIERPOS,FERTBARRIERPOS,FERTBARRIERPOS
FERTBARRIERPOS1_I,FERTBARRIERPOS1_I,FERTBARRIERPOS1_I
FERTBARRIERPOS2_I,FERTBARRIERPOS2_I,FERTBARRIERPOS2_I
FERTBARRIERPOS_I,FERTBARRIERPOS_I,FERTBARRIERPOS_I
Q40,Q40,Q40
Q40A,Q40A,Q40A
Q43A,Q43A,Q43A
Q43C,Q43C,Q43C
Q43D,Q43D,Q43D
FLAGQ43A,FLAGQ43A,FLAGQ43A
FLAGQ43C,FLAGQ43C,FLAGQ43C
FLAGQ43D,FLAGQ43D,FLAGQ43D
Q43AN,Q43AN,Q43AN
Q43CN,Q43CN,Q43CN
Q43DN,Q43DN,Q43DN
PASTINT1_I,PASTINT1_I,PASTINT1_I
PASTINT2_I,PASTINT2_I,PASTINT2_I
PASTINT3_I,PASTINT3_I,PASTINT3_I
PASTINT_II,PASTINT_II,PASTINT_II
ELIG_PASTINT,ELIG_PASTINT,ELIG_PASTINT
PASTINT,PASTINT,PASTINT
PASTINT_I,PASTINT_I,PASTINT_I
Q44A,Q44A,Q44A
Q44C,Q44C,Q44C
FLAGQ44A,FLAGQ44A,FLAGQ44A
FLAGQ44C,FLAGQ44C,FLAGQ44C
Q44AN,Q44AN,Q44AN
Q44CN,Q44CN,Q44CN
PINTEND1_I,PINTEND1_I,PINTEND1_I
PINTEND2_I,PINTEND2_I,PINTEND2_I
ELIG_PINTEND,ELIG_PINTEND,ELIG_PINTEND
PINTEND,PINTEND,PINTEND
NEWPINTEND_I,NEWPINTEND_I,NEWPINTEND_I
Q44D,Q44D,Q44D
Q44E,Q44E,Q44E
Q44F,Q44F,Q44F
Q45A,Q45A,Q45A
Q45B,Q45B,Q45B
Q45C,Q45C,Q45C
Q45D,Q45D,Q45D
Q45E,Q45E,Q45E
FLAGQ45A,FLAGQ45A,FLAGQ45A
FLAGQ45B,FLAGQ45B,FLAGQ45B
FLAGQ45C,FLAGQ45C,FLAGQ45C
FLAGQ45D,FLAGQ45D,FLAGQ45D
FLAGQ45E,FLAGQ45E,FLAGQ45E
Q45AN,Q45AN,Q45AN
Q45BN,Q45BN,Q45BN
Q45CN,Q45CN,Q45CN
Q45DN,Q45DN,Q45DN
Q45EN,Q45EN,Q45EN
ELIG_DISTRESS,ELIG_DISTRESS,ELIG_DISTRESS
DISTRESS,DISTRESS,DISTRESS
DISTRESS_I,DISTRESS_I,DISTRESS_I
BMBSTRESS,BMBSTRESS,BMBSTRESS
BMBSTRESS_I,BMBSTRESS_I,BMBSTRESS_I
NOBMBSTRESS,NOBMBSTRESS,NOBMBSTRESS
NOBMBSTRESS_I,NOBMBSTRESS_I,NOBMBSTRESS_I
Q46A,Q46A,Q46A
Q46B,Q46B,Q46B
Q46C,Q46C,Q46C
Q46E,Q46E,Q46E
Q46G,Q46G,Q46G
Q46I,Q46I,Q46I
FLAGQ46A,FLAGQ46A,FLAGQ46A
FLAGQ46B,FLAGQ46B,FLAGQ46B
FLAGQ46C,FLAGQ46C,FLAGQ46C
FLAGQ46E,FLAGQ46E,FLAGQ46E
FLAGQ46G,FLAGQ46G,FLAGQ46G
FLAGQ46I,FLAGQ46I,FLAGQ46I
Q46AN,Q46AN,Q46AN
Q46BN,Q46BN,Q46BN
Q46CN,Q46CN,Q46CN
Q46EN,Q46EN,Q46EN
Q46GN,Q46GN,Q46GN
Q46IN,Q46IN,Q46IN
ELIG_CHILDLESSNEG,ELIG_CHILDLESSNEG,ELIG_CHILDLESSNEG
CHILDLESSNEG,CHILDLESSNEG,CHILDLESSNEG
CHILDLESSNEG_I,CHILDLESSNEG_I,CHILDLESSNEG_I
Q46D,Q46D,Q46D
Q46H,Q46H,Q46H
FLAGQ46D,FLAGQ46D,FLAGQ46D
FLAGQ46H,FLAGQ46H,FLAGQ46H
Q46DN,Q46DN,Q46DN
Q46HN,Q46HN,Q46HN
ELIG_CHILDLESSPOS,ELIG_CHILDLESSPOS,ELIG_CHILDLESSPOS
CHILDLESSPOS,CHILDLESSPOS,CHILDLESSPOS
CHILDLESSPOS1_I,CHILDLESSPOS1_I,CHILDLESSPOS1_I
CHILDLESSPOS2_I,CHILDLESSPOS2_I,CHILDLESSPOS2_I
CHILDLESSPOS_I,CHILDLESSPOS_I,CHILDLESSPOS_I
Q48A,Q48A,Q48A
Q48B,Q48B,Q48B
Q48C,Q48C,Q48C
Q48D,Q48D,Q48D
FLAGQ48A,FLAGQ48A,FLAGQ48A
FLAGQ48B,FLAGQ48B,FLAGQ48B
FLAGQ48C,FLAGQ48C,FLAGQ48C
FLAGQ48D,FLAGQ48D,FLAGQ48D
Q48AN,Q48AN,Q48AN
Q48BN,Q48BN,Q48BN
Q48CN,Q48CN,Q48CN
Q48DN,Q48DN,Q48DN
SOCSUP1_I,SOCSUP1_I,SOCSUP1_I
SOCSUP2_I,SOCSUP2_I,SOCSUP2_I
SOCSUP3_I,SOCSUP3_I,SOCSUP3_I
SOCSUP4_I,SOCSUP4_I,SOCSUP4_I
ELIG_SOCSUP,ELIG_SOCSUP,ELIG_SOCSUP
SOCSUP,SOCSUP,SOCSUP
SOCSUP_I,SOCSUP_I,SOCSUP_I
Q50,Q50,Q50
Q54A,Q54A,Q54A
Q54B,Q54B,Q54B
Q54C,Q54C,Q54C
Q54D,Q54D,Q54D
Q54E,Q54E,Q54E
Q54F,Q54F,Q54F
Q54G,Q54G,Q54G
Q54H,Q54H,Q54H
Q54I,Q54I,Q54I
Q54J,Q54J,Q54J
FLAGQ54A,FLAGQ54A,FLAGQ54A
FLAGQ54B,FLAGQ54B,FLAGQ54B
FLAGQ54C,FLAGQ54C,FLAGQ54C
FLAGQ54D,FLAGQ54D,FLAGQ54D
FLAGQ54E,FLAGQ54E,FLAGQ54E
FLAGQ54F,FLAGQ54F,FLAGQ54F
FLAGQ54G,FLAGQ54G,FLAGQ54G
FLAGQ54H,FLAGQ54H,FLAGQ54H
FLAGQ54I,FLAGQ54I,FLAGQ54I
FLAGQ54J,FLAGQ54J,FLAGQ54J
Q54AN,Q54AN,Q54AN
Q54BN,Q54BN,Q54BN
Q54CN,Q54CN,Q54CN
Q54DN,Q54DN,Q54DN
Q54EN,Q54EN,Q54EN
Q54FN,Q54FN,Q54FN
Q54GN,Q54GN,Q54GN
Q54HN,Q54HN,Q54HN
Q54IN,Q54IN,Q54IN
Q54JN,Q54JN,Q54JN
ELIG_CESD,ELIG_CESD,ELIG_CESD
CESD,CESD,CESD
CESD_I,CESD_I,CESD_I
Q55,Q55,Q55
Q55A,Q55A,Q55A
Q55B_1,Q55B_1,Q55B_1
Q55B_2,Q55B_2,Q55B_2
Q55B_3,Q55B_3,Q55B_3
Q55B_4,Q55B_4,Q55B_4
Q55B_5,Q55B_5,Q55B_5
Q55B_6,Q55B_6,Q55B_6
Q55B_7,Q55B_7,Q55B_7
Q55B_8,Q55B_8,Q55B_8
Q55B_9,Q55B_9,Q55B_9
Q55C,Q55C,Q55C
Q57,Q57,Q57
Q57A,Q57A,Q57A
Q60A,Q60A,Q60A
Q60B,Q60B,Q60B
Q60C,Q60C,Q60C
FLAGQ60A,FLAGQ60A,FLAGQ60A
FLAGQ60B,FLAGQ60B,FLAGQ60B
FLAGQ60C,FLAGQ60C,FLAGQ60C
Q60AN,Q60AN,Q60AN
Q60BN,Q60BN,Q60BN
Q60CN,Q60CN,Q60CN
MEDSCI1_I,MEDSCI1_I,MEDSCI1_I
MEDSCI2_I,MEDSCI2_I,MEDSCI2_I
MEDSCI3_I,MEDSCI3_I,MEDSCI3_I
ELIG_MEDSCI,ELIG_MEDSCI,ELIG_MEDSCI
MEDSCI,MEDSCI,MEDSCI
MEDSCI_I,MEDSCI_I,MEDSCI_I
Q60D,Q60D,Q60D
Q60E,Q60E,Q60E
Q60F,Q60F,Q60F
FLAGQ60D,FLAGQ60D,FLAGQ60D
FLAGQ60E,FLAGQ60E,FLAGQ60E
FLAGQ60F,FLAGQ60F,FLAGQ60F
Q60DN,Q60DN,Q60DN
Q60EN,Q60EN,Q60EN
Q60FN,Q60FN,Q60FN
STIGMA1_I,STIGMA1_I,STIGMA1_I
STIGMA2_I,STIGMA2_I,STIGMA2_I
STIGMA3_I,STIGMA3_I,STIGMA3_I
ELIG_STIGMA,ELIG_STIGMA,ELIG_STIGMA
STIGMA,STIGMA,STIGMA
STIGMA_I,STIGMA_I,STIGMA_I
Q61A,Q61A,Q61A
Q61B,Q61B,Q61B
Q61C,Q61C,Q61C
Q61D,Q61D,Q61D
Q61E,Q61E,Q61E
Q61F,Q61F,Q61F
FLAGQ61A,FLAGQ61A,FLAGQ61A
FLAGQ61B,FLAGQ61B,FLAGQ61B
FLAGQ61C,FLAGQ61C,FLAGQ61C
FLAGQ61D,FLAGQ61D,FLAGQ61D
FLAGQ61E,FLAGQ61E,FLAGQ61E
FLAGQ61F,FLAGQ61F,FLAGQ61F
Q61AN,Q61AN,Q61AN
Q61BN,Q61BN,Q61BN
Q61CN,Q61CN,Q61CN
Q61DN,Q61DN,Q61DN
Q61EN,Q61EN,Q61EN
Q61FN,Q61FN,Q61FN
ELIG_ETHICS,ELIG_ETHICS,ELIG_ETHICS
ETHICS,ETHICS,ETHICS
ETHICS_I,ETHICS_I,ETHICS_I
Q62,Q62,Q62
Q62A,Q62A,Q62A
FLAGQ62,FLAGQ62,FLAGQ62
FLAGQ62A,FLAGQ62A,FLAGQ62A
Q62N,Q62N,Q62N
Q62AN,Q62AN,Q62AN
ETHICSMP1_I,ETHICSMP1_I,ETHICSMP1_I
ETHICSMP2_I,ETHICSMP2_I,ETHICSMP2_I
ELIG_ETHICS2,ELIG_ETHICS2,ELIG_ETHICS2
ETHICSMP,ETHICSMP,ETHICSMP
ETHICSMP_I,ETHICSMP_I,ETHICSMP_I
Q63A,Q63A,Q63A
Q63B,Q63B,Q63B
Q63C,Q63C,Q63C
FLAGQ63A,FLAGQ63A,FLAGQ63A
FLAGQ63B,FLAGQ63B,FLAGQ63B
FLAGQ63C,FLAGQ63C,FLAGQ63C
Q63AN,Q63AN,Q63AN
Q63BN,Q63BN,Q63BN
Q63CN,Q63CN,Q63CN
SELFEST1_I,SELFEST1_I,SELFEST1_I
SELFEST2_I,SELFEST2_I,SELFEST2_I
SELFEST3_I,SELFEST3_I,SELFEST3_I
ELIG_SELFEST,ELIG_SELFEST,ELIG_SELFEST
SELFEST,SELFEST,SELFEST
SELFEST_I,SELFEST_I,SELFEST_I
Q64,Q64,Q64
Q64A,Q64A,Q64A
Q65,Q65,Q65
Q65A,Q65A,Q65A
Q67,Q67,Q67
Q67A,Q67A,Q67A
Q69,Q69,Q69
Q69A,Q69A,Q69A
Q69B,Q69B,Q69B
Q70,Q70,Q70
Q72,Q72,Q72
Q73,Q73,Q73
Q74,Q74,Q74
Q74A,Q74A,Q74A
DOC_OBGYN,DOC_OBGYN,DOC_OBGYN
DOC_FAMPRACT,DOC_FAMPRACT,DOC_FAMPRACT
DOC_INTERN,DOC_INTERN,DOC_INTERN
DOC_OTHER,DOC_OTHER,DOC_OTHER
Q74A1,Q74A1,Q74A1
Q74B,Q74B,Q74B
Q76,Q76,Q76
Q76A_1,Q76A_1,Q76A_1
Q76A_2,Q76A_2,Q76A_2
Q76A_3,Q76A_3,Q76A_3
Q76A_4,Q76A_4,Q76A_4
Q76A_5,Q76A_5,Q76A_5
Q76A_6,Q76A_6,Q76A_6
Q76A_7,Q76A_7,Q76A_7
Q76A_8,Q76A_8,Q76A_8
Q76A_9,Q76A_9,Q76A_9
Q76A_10,Q76A_10,Q76A_10
Q76A_11,Q76A_11,Q76A_11
Q76A_12,Q76A_12,Q76A_12
Q76A_13,Q76A_13,Q76A_13
Q76A_14,Q76A_14,Q76A_14
Q76A_15,Q76A_15,Q76A_15
Q79,Q79,Q79
Q80,Q80,Q80
Q81,Q81,Q81
Q82,Q82,Q82
FLAGQ79,FLAGQ79,FLAGQ79
FLAGQ80,FLAGQ80,FLAGQ80
FLAGQ81,FLAGQ81,FLAGQ81
FLAGQ82,FLAGQ82,FLAGQ82
Q79N,Q79N,Q79N
Q80N,Q80N,Q80N
Q81N,Q81N,Q81N
Q82N,Q82N,Q82N
ELIG_RELIG,ELIG_RELIG,ELIG_RELIG
RELIG,RELIG,RELIG
Q84,Q84,Q84
Q84_PROTESTANT,Q84_PROTESTANT,Q84_PROTESTANT
Q84_CATHOLIC,Q84_CATHOLIC,Q84_CATHOLIC
Q84_JEWISH,Q84_JEWISH,Q84_JEWISH
Q84_ISLAMIC,Q84_ISLAMIC,Q84_ISLAMIC
Q84_ELSE,Q84_ELSE,Q84_ELSE
Q84_NONE,Q84_NONE,Q84_NONE
Q84_OTHERCHRISTIAN,Q84_OTHERCHRISTIAN,Q84_OTHERCHRISTIAN
Q85,Q85,Q85
Q85A,Q85A,Q85A
Q85B,Q85B,Q85B
Q86,Q86,Q86
Q86A,Q86A,Q86A
Q86B,Q86B,Q86B
Q87A,Q87A,Q87A
Q87B,Q87B,Q87B
Q87C,Q87C,Q87C
FLAGQ87A,FLAGQ87A,FLAGQ87A
FLAGQ87B,FLAGQ87B,FLAGQ87B
FLAGQ87C,FLAGQ87C,FLAGQ87C
Q87AN,Q87AN,Q87AN
Q87BN,Q87BN,Q87BN
Q87CN,Q87CN,Q87CN
ECONHAR1_I,ECONHAR1_I,ECONHAR1_I
ECONHAR2_I,ECONHAR2_I,ECONHAR2_I
ECONHAR3_I,ECONHAR3_I,ECONHAR3_I
ELIG_ECONHAR,ELIG_ECONHAR,ELIG_ECONHAR
ECONHAR,ECONHAR,ECONHAR
ECONHAR_I,ECONHAR_I,ECONHAR_I
Q88,Q88,Q88
Q88A,Q88A,Q88A
Q89,Q89,Q89
INSURE_PRIV,INSURE_PRIV,INSURE_PRIV
INSURE_PUB,INSURE_PUB,INSURE_PUB
INSURE_NONE,INSURE_NONE,INSURE_NONE
INSURE_OTHER,INSURE_OTHER,INSURE_OTHER
Q89B,Q89B,Q89B
TYPE_SAMPLING,TYPE_SAMPLING,TYPE_SAMPLING
DIVISION,DIVISION,DIVISION
PM_R,PM_R,PM_R
UNION,UNION,UNION
V1_IMPPAR,V1_IMPPAR,V1_IMPPAR
V2_LIFESAT,V2_LIFESAT,V2_LIFESAT
V3_MEDLOC,V3_MEDLOC,V3_MEDLOC
V4_TREAT,V4_TREAT,V4_TREAT
V5_DEP,V5_DEP,V5_DEP
V6_POSATT,V6_POSATT,V6_POSATT
V7_GETPREG,V7_GETPREG,V7_GETPREG
V8_POSGETPREG,V8_POSGETPREG,V8_POSGETPREG
V9_DEL,V9_DEL,V9_DEL
V10_CHSOCDIS,V10_CHSOCDIS,V10_CHSOCDIS
V11_CHNEG,V11_CHNEG,V11_CHNEG
V12_CHPOS,V12_CHPOS,V12_CHPOS
V13_SOCSUP,V13_SOCSUP,V13_SOCSUP
V14_CESD,V14_CESD,V14_CESD
V15_MEDSCI,V15_MEDSCI,V15_MEDSCI
V16_STIG,V16_STIG,V16_STIG
V17_ETHIC,V17_ETHIC,V17_ETHIC
V18_ETHMULTPREG,V18_ETHMULTPREG,V18_ETHMULTPREG
V19_SELFEST,V19_SELFEST,V19_SELFEST
V20_RELIG,V20_RELIG,V20_RELIG
V21_ECOHARD,V21_ECOHARD,V21_ECOHARD
LONGTRY,LONGTRY,LONGTRY
LONGWAIT,LONGWAIT,LONGWAIT
SUBFEC,SUBFEC,SUBFEC
OTHERMED,OTHERMED,OTHERMED
FORMER,FORMER,FORMER
SOCPAR1,SOCPAR1,SOCPAR1
BIOPAR,BIOPAR,BIOPAR
SOCPAR2,SOCPAR2,SOCPAR2
BIOKID,BIOKID,BIOKID
DECIDE,DECIDE,DECIDE
LIVE1,LIVE1,LIVE1
LIVE2,LIVE2,LIVE2
LIVE3,LIVE3,LIVE3
LIVE4,LIVE4,LIVE4
LIVE5,LIVE5,LIVE5
LIVE6,LIVE6,LIVE6
LIVE7,LIVE7,LIVE7
LIVE8,LIVE8,LIVE8
LIVE9,LIVE9,LIVE9
LIVE10,LIVE10,LIVE10
MISC1,MISC1,MISC1
MISC2,MISC2,MISC2
MISC3,MISC3,MISC3
MISC4,MISC4,MISC4
MISC5,MISC5,MISC5
MISC6,MISC6,MISC6
MISC7,MISC7,MISC7
MISC8,MISC8,MISC8
MISC9,MISC9,MISC9
MISC10,MISC10,MISC10
NUMMISC,NUMMISC,NUMMISC
YRUNION,YRUNION,YRUNION
MISCARYO,MISCARYO,MISCARYO
WONDER,WONDER,WONDER
NOSPERM,NOSPERM,NOSPERM
URBAN_RURAL_W2,URBAN_RURAL_W2,URBAN_RURAL_W2
LANGUAGE_W2,LANGUAGE_W2,LANGUAGE_W2
VER_RESP_W2,VER_RESP_W2,VER_RESP_W2
SCR1_W2,SCR1_W2,SCR1_W2
MARRIED_W2,MARRIED_W2,MARRIED_W2
DIVORCED_W2,DIVORCED_W2,DIVORCED_W2
WIDOWED_W2,WIDOWED_W2,WIDOWED_W2
SEPARATED_W2,SEPARATED_W2,SEPARATED_W2
NEVERMARRIED_W2,NEVERMARRIED_W2,NEVERMARRIED_W2
LESBIANPART_W2,LESBIANPART_W2,LESBIANPART_W2
COHABITING_W2,COHABITING_W2,COHABITING_W2
CIVILUNION_W2,CIVILUNION_W2,CIVILUNION_W2
COMMITMENT_W2,COMMITMENT_W2,COMMITMENT_W2
SCR1A_W2,SCR1A_W2,SCR1A_W2
SCR2_W2,SCR2_W2,SCR2_W2
SCR2A_W2,SCR2A_W2,SCR2A_W2
BORNUS_W2,BORNUS_W2,BORNUS_W2
LIVEDUS_W2,LIVEDUS_W2,LIVEDUS_W2
Q1A_W2,Q1A_W2,Q1A_W2
Q1C_W2,Q1C_W2,Q1C_W2
Q1D_W2,Q1D_W2,Q1D_W2
Q2A_W2,Q2A_W2,Q2A_W2
Q2C_W2,Q2C_W2,Q2C_W2
Q2D_W2,Q2D_W2,Q2D_W2
Q2E_W2,Q2E_W2,Q2E_W2
FLAGQ2A_W2,FLAGQ2A_W2,FLAGQ2A_W2
FLAGQ2C_W2,FLAGQ2C_W2,FLAGQ2C_W2
FLAGQ2D_W2,FLAGQ2D_W2,FLAGQ2D_W2
FLAGQ2E_W2,FLAGQ2E_W2,FLAGQ2E_W2
Q2AN_W2,Q2AN_W2,Q2AN_W2
Q2CN_W2,Q2CN_W2,Q2CN_W2
Q2DN_W2,Q2DN_W2,Q2DN_W2
Q2EN_W2,Q2EN_W2,Q2EN_W2
IMPPAR1_I_W2,IMPPAR1_I_W2,IMPPAR1_I_W2
IMPPAR2_I_W2,IMPPAR2_I_W2,IMPPAR2_I_W2
IMPPAR3_I_W2,IMPPAR3_I_W2,IMPPAR3_I_W2
IMPPAR4_I_W2,IMPPAR4_I_W2,IMPPAR4_I_W2
IMPPAR_I_W2,IMPPAR_I_W2,IMPPAR_I_W2
ELIG_IMPPAR_W2,ELIG_IMPPAR_W2,ELIG_IMPPAR_W2
IMPPAR_W2,IMPPAR_W2,IMPPAR_W2
Q2F_W2,Q2F_W2,Q2F_W2
Q2G_W2,Q2G_W2,Q2G_W2
Q2B_W2,Q2B_W2,Q2B_W2
Q2K_W2,Q2K_W2,Q2K_W2
Q2L_W2,Q2L_W2,Q2L_W2
TRADITIONAL_W2,TRADITIONAL_W2,TRADITIONAL_W2
ELIG_GENAT_W2,ELIG_GENAT_W2,ELIG_GENAT_W2
FLAGQ2K_W2,FLAGQ2K_W2,FLAGQ2K_W2
FLAGQ2L_W2,FLAGQ2L_W2,FLAGQ2L_W2
FLAGGENAT3_W2,FLAGGENAT3_W2,FLAGGENAT3_W2
FLAGGENAT4_W2,FLAGGENAT4_W2,FLAGGENAT4_W2
FLAGGENAT5_W2,FLAGGENAT5_W2,FLAGGENAT5_W2
FLAGGENAT6_W2,FLAGGENAT6_W2,FLAGGENAT6_W2
FLAGGENAT7_W2,FLAGGENAT7_W2,FLAGGENAT7_W2
FLAGGENAT8_W2,FLAGGENAT8_W2,FLAGGENAT8_W2
FLAGGENAT9_W2,FLAGGENAT9_W2,FLAGGENAT9_W2
Q2KN_W2,Q2KN_W2,Q2KN_W2
Q2LN_W2,Q2LN_W2,Q2LN_W2
GENAT3_W2,GENAT3_W2,GENAT3_W2
GENAT4_W2,GENAT4_W2,GENAT4_W2
GENAT5_W2,GENAT5_W2,GENAT5_W2
GENAT6_W2,GENAT6_W2,GENAT6_W2
GENAT7_W2,GENAT7_W2,GENAT7_W2
GENAT8_W2,GENAT8_W2,GENAT8_W2
GENAT9_W2,GENAT9_W2,GENAT9_W2
GENAT3N_W2,GENAT3N_W2,GENAT3N_W2
GENAT4N_W2,GENAT4N_W2,GENAT4N_W2
GENAT5N_W2,GENAT5N_W2,GENAT5N_W2
GENAT6N_W2,GENAT6N_W2,GENAT6N_W2
GENAT7N_W2,GENAT7N_W2,GENAT7N_W2
GENAT8N_W2,GENAT8N_W2,GENAT8N_W2
GENAT9N_W2,GENAT9N_W2,GENAT9N_W2
Q3A_W2,Q3A_W2,Q3A_W2
EMPLOYEDFT_W2,EMPLOYEDFT_W2,EMPLOYEDFT_W2
EMPLOYEDPT_W2,EMPLOYEDPT_W2,EMPLOYEDPT_W2
UNEMPLOYED_W2,UNEMPLOYED_W2,UNEMPLOYED_W2
RETIRED_W2,RETIRED_W2,RETIRED_W2
INSCHOOL_W2,INSCHOOL_W2,INSCHOOL_W2
KEEPHOUSE_W2,KEEPHOUSE_W2,KEEPHOUSE_W2
DISABLED_W2,DISABLED_W2,DISABLED_W2
OTHER_EMPLOY_W2,OTHER_EMPLOY_W2,OTHER_EMPLOY_W2
Q3A1_W2,Q3A1_W2,Q3A1_W2
Q5R_W2,Q5R_W2,Q5R_W2
Q6A_W2,Q6A_W2,Q6A_W2
Q6C_W2,Q6C_W2,Q6C_W2
EMPLOYEDFT_PART_W2,EMPLOYEDFT_PART_W2,EMPLOYEDFT_PART_W2
EMPLOYEDPT_PART_W2,EMPLOYEDPT_PART_W2,EMPLOYEDPT_PART_W2
UNEMPLOYED_PART_W2,UNEMPLOYED_PART_W2,UNEMPLOYED_PART_W2
RETIRED_PART_W2,RETIRED_PART_W2,RETIRED_PART_W2
INSCHOOL_PART_W2,INSCHOOL_PART_W2,INSCHOOL_PART_W2
KEEPHOUSE_PART_W2,KEEPHOUSE_PART_W2,KEEPHOUSE_PART_W2
DISABLED_PART_W2,DISABLED_PART_W2,DISABLED_PART_W2
OTHER_EMPLOY_PART_W2,OTHER_EMPLOY_PART_W2,OTHER_EMPLOY_PART_W2
LIVWTH_W2,LIVWTH_W2,LIVWTH_W2
BDAY_PART_W2,BDAY_PART_W2,BDAY_PART_W2
RACE1_PART_W2,RACE1_PART_W2,RACE1_PART_W2
RACE2_PART_W2,RACE2_PART_W2,RACE2_PART_W2
RACE3_PART_W2,RACE3_PART_W2,RACE3_PART_W2
RACE4_PART_W2,RACE4_PART_W2,RACE4_PART_W2
RACE5_PART_W2,RACE5_PART_W2,RACE5_PART_W2
RACE6_PART_W2,RACE6_PART_W2,RACE6_PART_W2
RACE7_PART_W2,RACE7_PART_W2,RACE7_PART_W2
RACE8_PART_W2,RACE8_PART_W2,RACE8_PART_W2
RACE9_PART_W2,RACE9_PART_W2,RACE9_PART_W2
HISP_PART_W2,HISP_PART_W2,HISP_PART_W2
VER_HM1_W2,VER_HM1_W2,VER_HM1_W2
VER_HM2_W2,VER_HM2_W2,VER_HM2_W2
VER_HM3_W2,VER_HM3_W2,VER_HM3_W2
VER_HM4_W2,VER_HM4_W2,VER_HM4_W2
VER_HM5_W2,VER_HM5_W2,VER_HM5_W2
VER_HM6_W2,VER_HM6_W2,VER_HM6_W2
VER_HM7_W2,VER_HM7_W2,VER_HM7_W2
NEWHLD1_W2,NEWHLD1_W2,NEWHLD1_W2
NEWSEX1_W2,NEWSEX1_W2,NEWSEX1_W2
NEWRELN1_W2,NEWRELN1_W2,NEWRELN1_W2
NEWAGE1_W2,NEWAGE1_W2,NEWAGE1_W2
NEWHLD2_W2,NEWHLD2_W2,NEWHLD2_W2
NEWSEX2_W2,NEWSEX2_W2,NEWSEX2_W2
NEWRELN2_W2,NEWRELN2_W2,NEWRELN2_W2
NEWAGE2_W2,NEWAGE2_W2,NEWAGE2_W2
NEWHLD3_W2,NEWHLD3_W2,NEWHLD3_W2
NEWSEX3_W2,NEWSEX3_W2,NEWSEX3_W2
NEWRELN3_W2,NEWRELN3_W2,NEWRELN3_W2
NEWAGE3_W2,NEWAGE3_W2,NEWAGE3_W2
NEWHLD4_W2,NEWHLD4_W2,NEWHLD4_W2
NEWSEX4_W2,NEWSEX4_W2,NEWSEX4_W2
NEWRELN4_W2,NEWRELN4_W2,NEWRELN4_W2
NEWAGE4_W2,NEWAGE4_W2,NEWAGE4_W2
Q8A_W2,Q8A_W2,Q8A_W2
Q8B_W2,Q8B_W2,Q8B_W2
Q8C_W2,Q8C_W2,Q8C_W2
Q8D_W2,Q8D_W2,Q8D_W2
FLAGQ8A_W2,FLAGQ8A_W2,FLAGQ8A_W2
FLAGQ8B_W2,FLAGQ8B_W2,FLAGQ8B_W2
FLAGQ8C_W2,FLAGQ8C_W2,FLAGQ8C_W2
FLAGQ8D_W2,FLAGQ8D_W2,FLAGQ8D_W2
Q8AN_W2,Q8AN_W2,Q8AN_W2
Q8BN_W2,Q8BN_W2,Q8BN_W2
Q8CN_W2,Q8CN_W2,Q8CN_W2
Q8DN_W2,Q8DN_W2,Q8DN_W2
LIFESAT1_I_W2,LIFESAT1_I_W2,LIFESAT1_I_W2
LIFESAT2_I_W2,LIFESAT2_I_W2,LIFESAT2_I_W2
LIFESAT3_I_W2,LIFESAT3_I_W2,LIFESAT3_I_W2
LIFESAT4_I_W2,LIFESAT4_I_W2,LIFESAT4_I_W2
ELIG_LIFESAT_W2,ELIG_LIFESAT_W2,ELIG_LIFESAT_W2
LIFESAT_W2,LIFESAT_W2,LIFESAT_W2
LIFESAT_I_W2,LIFESAT_I_W2,LIFESAT_I_W2
Q8E_W2,Q8E_W2,Q8E_W2
Q8F_W2,Q8F_W2,Q8F_W2
Q8G_W2,Q8G_W2,Q8G_W2
Q8H_W2,Q8H_W2,Q8H_W2
Q8I_W2,Q8I_W2,Q8I_W2
Q8J_W2,Q8J_W2,Q8J_W2
FLAGQ8E_W2,FLAGQ8E_W2,FLAGQ8E_W2
FLAGQ8F_W2,FLAGQ8F_W2,FLAGQ8F_W2
FLAGQ8G_W2,FLAGQ8G_W2,FLAGQ8G_W2
FLAGQ8H_W2,FLAGQ8H_W2,FLAGQ8H_W2
FLAGQ8I_W2,FLAGQ8I_W2,FLAGQ8I_W2
FLAGQ8J_W2,FLAGQ8J_W2,FLAGQ8J_W2
Q8EN_W2,Q8EN_W2,Q8EN_W2
Q8FN_W2,Q8FN_W2,Q8FN_W2
Q8GN_W2,Q8GN_W2,Q8GN_W2
Q8HN_W2,Q8HN_W2,Q8HN_W2
Q8IN_W2,Q8IN_W2,Q8IN_W2
Q8JN_W2,Q8JN_W2,Q8JN_W2
ELIG_MEDLOC_W2,ELIG_MEDLOC_W2,ELIG_MEDLOC_W2
MEDLOC_W2,MEDLOC_W2,MEDLOC_W2
MEDLOC_I_W2,MEDLOC_I_W2,MEDLOC_I_W2
Q9C3_P1_W2,Q9C3_P1_W2,Q9C3_P1_W2
Q9C4_P1_W2,Q9C4_P1_W2,Q9C4_P1_W2
Q9_W2,Q9_W2,Q9_W2
Q9A1_W2,Q9A1_W2,Q9A1_W2
Q9A2_W2,Q9A2_W2,Q9A2_W2
CURR_TRYING_W2,CURR_TRYING_W2,CURR_TRYING_W2
CURR_NOTRYING_W2,CURR_NOTRYING_W2,CURR_NOTRYING_W2
CURR_OKEITHER_W2,CURR_OKEITHER_W2,CURR_OKEITHER_W2
Q9B_W2,Q9B_W2,Q9B_W2
Q9C1_W2,Q9C1_W2,Q9C1_W2
Q9C2_W2,Q9C2_W2,Q9C2_W2
Q9C2A_W2,Q9C2A_W2,Q9C2A_W2
Q9C2A2_W2,Q9C2A2_W2,Q9C2A2_W2
P1FADVC_W2,P1FADVC_W2,P1FADVC_W2
P1SMOKE_W2,P1SMOKE_W2,P1SMOKE_W2
P1OPK_W2,P1OPK_W2,P1OPK_W2
P1SURG_W2,P1SURG_W2,P1SURG_W2
P1DRUG_W2,P1DRUG_W2,P1DRUG_W2
P1TEST_W2,P1TEST_W2,P1TEST_W2
P1OTHER_W2,P1OTHER_W2,P1OTHER_W2
P1DK_W2,P1DK_W2,P1DK_W2
P1REF_W2,P1REF_W2,P1REF_W2
P1DADVC_W2,P1DADVC_W2,P1DADVC_W2
Q9C3_W2,Q9C3_W2,Q9C3_W2
Q9C4_W2,Q9C4_W2,Q9C4_W2
Q9C1_2_W2,Q9C1_2_W2,Q9C1_2_W2
Q9C2_2_W2,Q9C2_2_W2,Q9C2_2_W2
Q9C2A_2_W2,Q9C2A_2_W2,Q9C2A_2_W2
Q9C2A1_2_W2,Q9C2A1_2_W2,Q9C2A1_2_W2
Q9C2A2_2_W2,Q9C2A2_2_W2,Q9C2A2_2_W2
P2FADVC_W2,P2FADVC_W2,P2FADVC_W2
P2SMOKE_W2,P2SMOKE_W2,P2SMOKE_W2
P2OPK_W2,P2OPK_W2,P2OPK_W2
P2SURG_W2,P2SURG_W2,P2SURG_W2
P2DRUG_W2,P2DRUG_W2,P2DRUG_W2
P2TEST_W2,P2TEST_W2,P2TEST_W2
P2OTHER_W2,P2OTHER_W2,P2OTHER_W2
P2DK_W2,P2DK_W2,P2DK_W2
P2REF_W2,P2REF_W2,P2REF_W2
P2DADVC_W2,P2DADVC_W2,P2DADVC_W2
Q9C3_2_W2,Q9C3_2_W2,Q9C3_2_W2
Q9C4_2_W2,Q9C4_2_W2,Q9C4_2_W2
Q9C1_3_W2,Q9C1_3_W2,Q9C1_3_W2
Q9C2_3_W2,Q9C2_3_W2,Q9C2_3_W2
Q9C2A_3_W2,Q9C2A_3_W2,Q9C2A_3_W2
Q9C2A1_3_W2,Q9C2A1_3_W2,Q9C2A1_3_W2
Q9C2A2_3_W2,Q9C2A2_3_W2,Q9C2A2_3_W2
P3FADVC_W2,P3FADVC_W2,P3FADVC_W2
P3SMOKE_W2,P3SMOKE_W2,P3SMOKE_W2
P3OPK_W2,P3OPK_W2,P3OPK_W2
P3SURG_W2,P3SURG_W2,P3SURG_W2
P3DRUG_W2,P3DRUG_W2,P3DRUG_W2
P3TEST_W2,P3TEST_W2,P3TEST_W2
P3OTHER_W2,P3OTHER_W2,P3OTHER_W2
P3DK_W2,P3DK_W2,P3DK_W2
P3REF_W2,P3REF_W2,P3REF_W2
P3DADVC_W2,P3DADVC_W2,P3DADVC_W2
Q9C3_3_W2,Q9C3_3_W2,Q9C3_3_W2
Q9C4_3_W2,Q9C4_3_W2,Q9C4_3_W2
Q9C1_4_W2,Q9C1_4_W2,Q9C1_4_W2
Q9C2_4_W2,Q9C2_4_W2,Q9C2_4_W2
Q9C2A_4_W2,Q9C2A_4_W2,Q9C2A_4_W2
Q9C2A1_4_W2,Q9C2A1_4_W2,Q9C2A1_4_W2
Q9C2A2_4_W2,Q9C2A2_4_W2,Q9C2A2_4_W2
P4FADVC_W2,P4FADVC_W2,P4FADVC_W2
P4SMOKE_W2,P4SMOKE_W2,P4SMOKE_W2
P4OPK_W2,P4OPK_W2,P4OPK_W2
P4SURG_W2,P4SURG_W2,P4SURG_W2
P4DRUG_W2,P4DRUG_W2,P4DRUG_W2
P4TEST_W2,P4TEST_W2,P4TEST_W2
P4OTHER_W2,P4OTHER_W2,P4OTHER_W2
P4DK_W2,P4DK_W2,P4DK_W2
P4REF_W2,P4REF_W2,P4REF_W2
P4DADVC_W2,P4DADVC_W2,P4DADVC_W2
Q9C3_4_W2,Q9C3_4_W2,Q9C3_4_W2
Q9C4_4_W2,Q9C4_4_W2,Q9C4_4_W2
Q9C1_5_W2,Q9C1_5_W2,Q9C1_5_W2
Q9C2_5_W2,Q9C2_5_W2,Q9C2_5_W2
Q9C2A_5_W2,Q9C2A_5_W2,Q9C2A_5_W2
Q9C2A1_5_W2,Q9C2A1_5_W2,Q9C2A1_5_W2
Q9C2A2_5_W2,Q9C2A2_5_W2,Q9C2A2_5_W2
P5FADVC_W2,P5FADVC_W2,P5FADVC_W2
P5SMOKE_W2,P5SMOKE_W2,P5SMOKE_W2
P5OPK_W2,P5OPK_W2,P5OPK_W2
P5SURG_W2,P5SURG_W2,P5SURG_W2
P5DRUG_W2,P5DRUG_W2,P5DRUG_W2
P5TEST_W2,P5TEST_W2,P5TEST_W2
P5OTHER_W2,P5OTHER_W2,P5OTHER_W2
P5DK_W2,P5DK_W2,P5DK_W2
P5REF_W2,P5REF_W2,P5REF_W2
P5DADVC_W2,P5DADVC_W2,P5DADVC_W2
Q9C3_5_W2,Q9C3_5_W2,Q9C3_5_W2
Q9C4_5_W2,Q9C4_5_W2,Q9C4_5_W2
Q10_W2,Q10_W2,Q10_W2
Q10A_W2,Q10A_W2,Q10A_W2
Q11_W2,Q11_W2,Q11_W2
Q11A_W2,Q11A_W2,Q11A_W2
Q11A2_W2,Q11A2_W2,Q11A2_W2
Q11B_W2,Q11B_W2,Q11B_W2
Q12_W2,Q12_W2,Q12_W2
Q13_W2,Q13_W2,Q13_W2
Q13B_W2,Q13B_W2,Q13B_W2
Q13B2_W2,Q13B2_W2,Q13B2_W2
Q13I_W2,Q13I_W2,Q13I_W2
Q13J_W2,Q13J_W2,Q13J_W2
Q13K_W2,Q13K_W2,Q13K_W2
Q13B1_W2,Q13B1_W2,Q13B1_W2
ADOPTYP1_W2,ADOPTYP1_W2,ADOPTYP1_W2
ADOP_YR1_W2,ADOP_YR1_W2,ADOP_YR1_W2
ADOP_MO1_W2,ADOP_MO1_W2,ADOP_MO1_W2
ADOP_OC1_W2,ADOP_OC1_W2,ADOP_OC1_W2
ADOP_FS1_W2,ADOP_FS1_W2,ADOP_FS1_W2
ADOP_RC1_W2,ADOP_RC1_W2,ADOP_RC1_W2
ADOPTYP2_W2,ADOPTYP2_W2,ADOPTYP2_W2
ADOP_YR2_W2,ADOP_YR2_W2,ADOP_YR2_W2
ADOP_MO2_W2,ADOP_MO2_W2,ADOP_MO2_W2
ADOP_OC2_W2,ADOP_OC2_W2,ADOP_OC2_W2
ADOP_FS2_W2,ADOP_FS2_W2,ADOP_FS2_W2
ADOP_RC2_W2,ADOP_RC2_W2,ADOP_RC2_W2
ADOPTYP3_W2,ADOPTYP3_W2,ADOPTYP3_W2
ADOP_YR3_W2,ADOP_YR3_W2,ADOP_YR3_W2
ADOP_MO3_W2,ADOP_MO3_W2,ADOP_MO3_W2
ADOP_OC3_W2,ADOP_OC3_W2,ADOP_OC3_W2
ADOP_FS3_W2,ADOP_FS3_W2,ADOP_FS3_W2
ADOP_RC3_W2,ADOP_RC3_W2,ADOP_RC3_W2
Q13C_W2,Q13C_W2,Q13C_W2
Q13C1_1_W2,Q13C1_1_W2,Q13C1_1_W2
Q13C1_2_W2,Q13C1_2_W2,Q13C1_2_W2
Q13C1_3_W2,Q13C1_3_W2,Q13C1_3_W2
Q13C1_4_W2,Q13C1_4_W2,Q13C1_4_W2
Q13C1_5_W2,Q13C1_5_W2,Q13C1_5_W2
Q13C1_6_W2,Q13C1_6_W2,Q13C1_6_W2
Q13C1_7_W2,Q13C1_7_W2,Q13C1_7_W2
Q13C1_8_W2,Q13C1_8_W2,Q13C1_8_W2
Q13C1_9_W2,Q13C1_9_W2,Q13C1_9_W2
Q13C1_10_W2,Q13C1_10_W2,Q13C1_10_W2
Q13D_W2,Q13D_W2,Q13D_W2
Q13F_W2,Q13F_W2,Q13F_W2
Q13G_W2,Q13G_W2,Q13G_W2
Q13H_W2,Q13H_W2,Q13H_W2
Q13D1_1_W2,Q13D1_1_W2,Q13D1_1_W2
Q13D1_2_W2,Q13D1_2_W2,Q13D1_2_W2
Q13D1_3_W2,Q13D1_3_W2,Q13D1_3_W2
Q13D1_4_W2,Q13D1_4_W2,Q13D1_4_W2
Q13D1_5_W2,Q13D1_5_W2,Q13D1_5_W2
Q13D1_6_W2,Q13D1_6_W2,Q13D1_6_W2
Q13D1_7_W2,Q13D1_7_W2,Q13D1_7_W2
Q13D1_8_W2,Q13D1_8_W2,Q13D1_8_W2
Q13D1_9_W2,Q13D1_9_W2,Q13D1_9_W2
Q13D2_W2,Q13D2_W2,Q13D2_W2
Q15_W2,Q15_W2,Q15_W2
Q15A_W2,Q15A_W2,Q15A_W2
Q16_W2,Q16_W2,Q16_W2
Q16A_W2,Q16A_W2,Q16A_W2
Q16B_W2,Q16B_W2,Q16B_W2
Q17_W2,Q17_W2,Q17_W2
Q18_W2,Q18_W2,Q18_W2
Q19_W2,Q19_W2,Q19_W2
Q19A_W2,Q19A_W2,Q19A_W2
Q19A_GRANDMOTHER_W2,Q19A_GRANDMOTHER_W2,Q19A_GRANDMOTHER_W2
Q19A_AUNT_W2,Q19A_AUNT_W2,Q19A_AUNT_W2
Q19A_SISTER_W2,Q19A_SISTER_W2,Q19A_SISTER_W2
Q19A_FAMFRIEND_W2,Q19A_FAMFRIEND_W2,Q19A_FAMFRIEND_W2
Q19A_GODMOTHER_W2,Q19A_GODMOTHER_W2,Q19A_GODMOTHER_W2
Q19A_PARTNER_W2,Q19A_PARTNER_W2,Q19A_PARTNER_W2
Q19A_OTHER_W2,Q19A_OTHER_W2,Q19A_OTHER_W2
Q19A_OTHERFAM_W2,Q19A_OTHERFAM_W2,Q19A_OTHERFAM_W2
Q19A_NANNY_W2,Q19A_NANNY_W2,Q19A_NANNY_W2
Q21_W2,Q21_W2,Q21_W2
Q21A_1_W2,Q21A_1_W2,Q21A_1_W2
Q21A_2_W2,Q21A_2_W2,Q21A_2_W2
Q21A_3_W2,Q21A_3_W2,Q21A_3_W2
Q21A_4_W2,Q21A_4_W2,Q21A_4_W2
Q21A_5_W2,Q21A_5_W2,Q21A_5_W2
Q21A_6_W2,Q21A_6_W2,Q21A_6_W2
Q21E_W2,Q21E_W2,Q21E_W2
Q21D_W2,Q21D_W2,Q21D_W2
Q22_W2,Q22_W2,Q22_W2
Q22_L_W2,Q22_L_W2,Q22_L_W2
Q22A_L_1_W2,Q22A_L_1_W2,Q22A_L_1_W2
Q22A_L_2_W2,Q22A_L_2_W2,Q22A_L_2_W2
Q22A_L_3_W2,Q22A_L_3_W2,Q22A_L_3_W2
Q22A_L_4_W2,Q22A_L_4_W2,Q22A_L_4_W2
Q22A_L_5_W2,Q22A_L_5_W2,Q22A_L_5_W2
Q22A_L_6_W2,Q22A_L_6_W2,Q22A_L_6_W2
Q22A_W2,Q22A_W2,Q22A_W2
SURG_PART_VASECTOMY_W2,SURG_PART_VASECTOMY_W2,SURG_PART_VASECTOMY_W2
SURG_PART_TESTESREM_W2,SURG_PART_TESTESREM_W2,SURG_PART_TESTESREM_W2
SURG_PART_OTHER_W2,SURG_PART_OTHER_W2,SURG_PART_OTHER_W2
Q22C_1_W2,Q22C_1_W2,Q22C_1_W2
Q22C_2_W2,Q22C_2_W2,Q22C_2_W2
Q22C_3_W2,Q22C_3_W2,Q22C_3_W2
Q22C_4_W2,Q22C_4_W2,Q22C_4_W2
Q22C_5_W2,Q22C_5_W2,Q22C_5_W2
Q22C_6_W2,Q22C_6_W2,Q22C_6_W2
Q22C_7_W2,Q22C_7_W2,Q22C_7_W2
Q22C_8_W2,Q22C_8_W2,Q22C_8_W2
Q22C_9_W2,Q22C_9_W2,Q22C_9_W2
Q22C_10_W2,Q22C_10_W2,Q22C_10_W2
Q22C_11_W2,Q22C_11_W2,Q22C_11_W2
Q22C_12_W2,Q22C_12_W2,Q22C_12_W2
Q22C_13_W2,Q22C_13_W2,Q22C_13_W2
Q22C_14_W2,Q22C_14_W2,Q22C_14_W2
Q22C_L_1_W2,Q22C_L_1_W2,Q22C_L_1_W2
Q22C_L_2_W2,Q22C_L_2_W2,Q22C_L_2_W2
Q22C_L_3_W2,Q22C_L_3_W2,Q22C_L_3_W2
Q22C_L_4_W2,Q22C_L_4_W2,Q22C_L_4_W2
Q22C_L_5_W2,Q22C_L_5_W2,Q22C_L_5_W2
Q22C_L_6_W2,Q22C_L_6_W2,Q22C_L_6_W2
Q22C_L_7_W2,Q22C_L_7_W2,Q22C_L_7_W2
Q22C_L_8_W2,Q22C_L_8_W2,Q22C_L_8_W2
Q22C_L_9_W2,Q22C_L_9_W2,Q22C_L_9_W2
Q22C_L_10_W2,Q22C_L_10_W2,Q22C_L_10_W2
Q22E_W2,Q22E_W2,Q22E_W2
Q22D_W2,Q22D_W2,Q22D_W2
Q22F_W2,Q22F_W2,Q22F_W2
Q23_W2,Q23_W2,Q23_W2
Q23A_W2,Q23A_W2,Q23A_W2
Q23A_2_W2,Q23A_2_W2,Q23A_2_W2
Q23A1A_W2,Q23A1A_W2,Q23A1A_W2
Q24_W2,Q24_W2,Q24_W2
Q24A_W2,Q24A_W2,Q24A_W2
Q24A_2_W2,Q24A_2_W2,Q24A_2_W2
Q24A1A_W2,Q24A1A_W2,Q24A1A_W2
Q24C_W2,Q24C_W2,Q24C_W2
Q24C_HOPEGETPREG_W2,Q24C_HOPEGETPREG_W2,Q24C_HOPEGETPREG_W2
Q24C_NOTWANTPREG_W2,Q24C_NOTWANTPREG_W2,Q24C_NOTWANTPREG_W2
Q24C_OKEITHER_W2,Q24C_OKEITHER_W2,Q24C_OKEITHER_W2
Q25_W2,Q25_W2,Q25_W2
Q25C_W2,Q25C_W2,Q25C_W2
Q26_W2,Q26_W2,Q26_W2
CHECKL_W2,CHECKL_W2,CHECKL_W2
Q26A_W2,Q26A_W2,Q26A_W2
Q27_W2,Q27_W2,Q27_W2
Q27A_W2,Q27A_W2,Q27A_W2
Q27A1_W2,Q27A1_W2,Q27A1_W2
Q27D_W2,Q27D_W2,Q27D_W2
Q27F_1_W2,Q27F_1_W2,Q27F_1_W2
Q27F_2_W2,Q27F_2_W2,Q27F_2_W2
Q27F_3_W2,Q27F_3_W2,Q27F_3_W2
Q27F_4_W2,Q27F_4_W2,Q27F_4_W2
Q27F_5_W2,Q27F_5_W2,Q27F_5_W2
Q27F_6_W2,Q27F_6_W2,Q27F_6_W2
Q27F_7_W2,Q27F_7_W2,Q27F_7_W2
Q29_W2,Q29_W2,Q29_W2
Q29C_W2,Q29C_W2,Q29C_W2
Q29D_1_W2,Q29D_1_W2,Q29D_1_W2
Q29D_2_W2,Q29D_2_W2,Q29D_2_W2
Q29D_3_W2,Q29D_3_W2,Q29D_3_W2
Q29D_4_W2,Q29D_4_W2,Q29D_4_W2
Q29D_5_W2,Q29D_5_W2,Q29D_5_W2
Q29D_6_W2,Q29D_6_W2,Q29D_6_W2
Q29D_7_W2,Q29D_7_W2,Q29D_7_W2
Q29D_8_W2,Q29D_8_W2,Q29D_8_W2
Q29D_9_W2,Q29D_9_W2,Q29D_9_W2
Q29D_10_W2,Q29D_10_W2,Q29D_10_W2
Q30_W2,Q30_W2,Q30_W2
Q30A_W2,Q30A_W2,Q30A_W2
Q30A1_1_W2,Q30A1_1_W2,Q30A1_1_W2
Q30A1_2_W2,Q30A1_2_W2,Q30A1_2_W2
Q30A1_3_W2,Q30A1_3_W2,Q30A1_3_W2
Q30A1_4_W2,Q30A1_4_W2,Q30A1_4_W2
Q30A1_5_W2,Q30A1_5_W2,Q30A1_5_W2
Q30A1_6_W2,Q30A1_6_W2,Q30A1_6_W2
Q30A1_7_W2,Q30A1_7_W2,Q30A1_7_W2
Q30A1_8_W2,Q30A1_8_W2,Q30A1_8_W2
Q30A1_9_W2,Q30A1_9_W2,Q30A1_9_W2
Q31D_W2,Q31D_W2,Q31D_W2
Q31D_ALLCOST_W2,Q31D_ALLCOST_W2,Q31D_ALLCOST_W2
Q31D_MOSTCOST_W2,Q31D_MOSTCOST_W2,Q31D_MOSTCOST_W2
Q31D_HALFCOST_W2,Q31D_HALFCOST_W2,Q31D_HALFCOST_W2
Q31D_LESSHALFCOST_W2,Q31D_LESSHALFCOST_W2,Q31D_LESSHALFCOST_W2
Q31D_NONECOST_W2,Q31D_NONECOST_W2,Q31D_NONECOST_W2
Q31F_W2,Q31F_W2,Q31F_W2
Q31F1_W2,Q31F1_W2,Q31F1_W2
Q31F3_W2,Q31F3_W2,Q31F3_W2
Q31F3_A_W2,Q31F3_A_W2,Q31F3_A_W2
Q31F3_B1_W2,Q31F3_B1_W2,Q31F3_B1_W2
Q31F3_B2_W2,Q31F3_B2_W2,Q31F3_B2_W2
Q31F3_B3_W2,Q31F3_B3_W2,Q31F3_B3_W2
Q31F3_B4_W2,Q31F3_B4_W2,Q31F3_B4_W2
Q31F3_B5_W2,Q31F3_B5_W2,Q31F3_B5_W2
Q31F3_B6_W2,Q31F3_B6_W2,Q31F3_B6_W2
Q31F3_B7_W2,Q31F3_B7_W2,Q31F3_B7_W2
Q31F3_B8_W2,Q31F3_B8_W2,Q31F3_B8_W2
Q31F3_B9_W2,Q31F3_B9_W2,Q31F3_B9_W2
Q31F3_10_W2,Q31F3_10_W2,Q31F3_10_W2
Q31F3_11_W2,Q31F3_11_W2,Q31F3_11_W2
Q31F3_12_W2,Q31F3_12_W2,Q31F3_12_W2
Q31F3_13_W2,Q31F3_13_W2,Q31F3_13_W2
Q31F3_14_W2,Q31F3_14_W2,Q31F3_14_W2
Q31F3_15_W2,Q31F3_15_W2,Q31F3_15_W2
Q31F3_16_W2,Q31F3_16_W2,Q31F3_16_W2
Q31G_W2,Q31G_W2,Q31G_W2
Q31H_W2,Q31H_W2,Q31H_W2
Q31H1_W2,Q31H1_W2,Q31H1_W2
Q32_W2,Q32_W2,Q32_W2
Q32A_W2,Q32A_W2,Q32A_W2
Q32B2_W2,Q32B2_W2,Q32B2_W2
Q32B2_2_W2,Q32B2_2_W2,Q32B2_2_W2
Q32C_W2,Q32C_W2,Q32C_W2
Q32C_2_W2,Q32C_2_W2,Q32C_2_W2
Q32C2_W2,Q32C2_W2,Q32C2_W2
Q32C2_2_W2,Q32C2_2_W2,Q32C2_2_W2
Q32F_W2,Q32F_W2,Q32F_W2
Q32F_2_W2,Q32F_2_W2,Q32F_2_W2
Q34A_W2,Q34A_W2,Q34A_W2
Q34A_2_W2,Q34A_2_W2,Q34A_2_W2
Q34B_W2,Q34B_W2,Q34B_W2
Q34B_2_W2,Q34B_2_W2,Q34B_2_W2
Q34C_W2,Q34C_W2,Q34C_W2
Q34C_2_W2,Q34C_2_W2,Q34C_2_W2
Q35A_W2,Q35A_W2,Q35A_W2
Q35A_2_W2,Q35A_2_W2,Q35A_2_W2
Q35B_W2,Q35B_W2,Q35B_W2
Q35B_2_W2,Q35B_2_W2,Q35B_2_W2
Q36B_W2,Q36B_W2,Q36B_W2
Q36B_2_W2,Q36B_2_W2,Q36B_2_W2
Q36C_W2,Q36C_W2,Q36C_W2
Q36C_2_W2,Q36C_2_W2,Q36C_2_W2
Q36D_W2,Q36D_W2,Q36D_W2
Q36D_2_W2,Q36D_2_W2,Q36D_2_W2
Q36F_W2,Q36F_W2,Q36F_W2
Q36F_2_W2,Q36F_2_W2,Q36F_2_W2
Q36G_W2,Q36G_W2,Q36G_W2
Q36G_2_W2,Q36G_2_W2,Q36G_2_W2
Q36H_W2,Q36H_W2,Q36H_W2
Q36H_2_W2,Q36H_2_W2,Q36H_2_W2
Q36I_W2,Q36I_W2,Q36I_W2
Q36I_2_W2,Q36I_2_W2,Q36I_2_W2
Q36J_W2,Q36J_W2,Q36J_W2
Q36J_2_W2,Q36J_2_W2,Q36J_2_W2
Q36K_W2,Q36K_W2,Q36K_W2
Q36K_2_W2,Q36K_2_W2,Q36K_2_W2
Q36L_W2,Q36L_W2,Q36L_W2
Q36L_2_W2,Q36L_2_W2,Q36L_2_W2
Q36M_W2,Q36M_W2,Q36M_W2
Q36M_2_W2,Q36M_2_W2,Q36M_2_W2
Q36M3_W2,Q36M3_W2,Q36M3_W2
Q36M3_2_W2,Q36M3_2_W2,Q36M3_2_W2
Q36O_W2,Q36O_W2,Q36O_W2
Q36O_2_W2,Q36O_2_W2,Q36O_2_W2
FLAGQ36B_W2,FLAGQ36B_W2,FLAGQ36B_W2
FLAGQ36C_W2,FLAGQ36C_W2,FLAGQ36C_W2
FLAGQ36D_W2,FLAGQ36D_W2,FLAGQ36D_W2
FLAGQ36F_W2,FLAGQ36F_W2,FLAGQ36F_W2
FLAGQ36G_W2,FLAGQ36G_W2,FLAGQ36G_W2
FLAGQ36H_W2,FLAGQ36H_W2,FLAGQ36H_W2
FLAGQ36I_W2,FLAGQ36I_W2,FLAGQ36I_W2
FLAGQ36J_W2,FLAGQ36J_W2,FLAGQ36J_W2
FLAGQ36K_W2,FLAGQ36K_W2,FLAGQ36K_W2
FLAGQ36L_W2,FLAGQ36L_W2,FLAGQ36L_W2
FLAGQ36M_W2,FLAGQ36M_W2,FLAGQ36M_W2
FLAGQ36M3_W2,FLAGQ36M3_W2,FLAGQ36M3_W2
FLAGQ36O_W2,FLAGQ36O_W2,FLAGQ36O_W2
Q36BN_W2,Q36BN_W2,Q36BN_W2
Q36CN_W2,Q36CN_W2,Q36CN_W2
Q36DN_W2,Q36DN_W2,Q36DN_W2
Q36FN_W2,Q36FN_W2,Q36FN_W2
Q36GN_W2,Q36GN_W2,Q36GN_W2
Q36HN_W2,Q36HN_W2,Q36HN_W2
Q36IN_W2,Q36IN_W2,Q36IN_W2
Q36JN_W2,Q36JN_W2,Q36JN_W2
Q36KN_W2,Q36KN_W2,Q36KN_W2
Q36LN_W2,Q36LN_W2,Q36LN_W2
Q36MN_W2,Q36MN_W2,Q36MN_W2
Q36M3N_W2,Q36M3N_W2,Q36M3N_W2
Q36ON_W2,Q36ON_W2,Q36ON_W2
ELIG_TREATSERIES_W2,ELIG_TREATSERIES_W2,ELIG_TREATSERIES_W2
NOTREAT_W2,NOTREAT_W2,NOTREAT_W2
NOTREAT_I_W2,NOTREAT_I_W2,NOTREAT_I_W2
Q37B_W2,Q37B_W2,Q37B_W2
Q37C_W2,Q37C_W2,Q37C_W2
Q37D_W2,Q37D_W2,Q37D_W2
Q38_W2,Q38_W2,Q38_W2
Q38A1_W2,Q38A1_W2,Q38A1_W2
Q38A3_W2,Q38A3_W2,Q38A3_W2
Q38A4_W2,Q38A4_W2,Q38A4_W2
Q38A5_W2,Q38A5_W2,Q38A5_W2
Q38A6_W2,Q38A6_W2,Q38A6_W2
Q38C1_W2,Q38C1_W2,Q38C1_W2
Q38C2_W2,Q38C2_W2,Q38C2_W2
Q38C4_W2,Q38C4_W2,Q38C4_W2
Q38C6_W2,Q38C6_W2,Q38C6_W2
Q38C7_W2,Q38C7_W2,Q38C7_W2
Q38D_W2,Q38D_W2,Q38D_W2
Q38E_W2,Q38E_W2,Q38E_W2
Q38F1_W2,Q38F1_W2,Q38F1_W2
Q38F3_W2,Q38F3_W2,Q38F3_W2
Q38F4_W2,Q38F4_W2,Q38F4_W2
Q38F5_W2,Q38F5_W2,Q38F5_W2
Q38F6_W2,Q38F6_W2,Q38F6_W2
Q38G_W2,Q38G_W2,Q38G_W2
Q38G_POPMAG_W2,Q38G_POPMAG_W2,Q38G_POPMAG_W2
Q38G_TECHJOURNAL_W2,Q38G_TECHJOURNAL_W2,Q38G_TECHJOURNAL_W2
Q38G_BOOKS_W2,Q38G_BOOKS_W2,Q38G_BOOKS_W2
Q38G_SUPPGROUPS_W2,Q38G_SUPPGROUPS_W2,Q38G_SUPPGROUPS_W2
Q38G_INTERNET_W2,Q38G_INTERNET_W2,Q38G_INTERNET_W2
Q38G_INTSUPP_W2,Q38G_INTSUPP_W2,Q38G_INTSUPP_W2
Q38G_INTPROF_W2,Q38G_INTPROF_W2,Q38G_INTPROF_W2
Q38G_FAMINFO_W2,Q38G_FAMINFO_W2,Q38G_FAMINFO_W2
Q38G_OTHER_W2,Q38G_OTHER_W2,Q38G_OTHER_W2
Q38G_INAP_W2,Q38G_INAP_W2,Q38G_INAP_W2
Q38G_PROFESSIONAL_W2,Q38G_PROFESSIONAL_W2,Q38G_PROFESSIONAL_W2
Q120_W2,Q120_W2,Q120_W2
Q121_W2,Q121_W2,Q121_W2
Q121A_1_W2,Q121A_1_W2,Q121A_1_W2
Q121A_2_W2,Q121A_2_W2,Q121A_2_W2
Q121A_3_W2,Q121A_3_W2,Q121A_3_W2
Q121A_4_W2,Q121A_4_W2,Q121A_4_W2
Q121A_5_W2,Q121A_5_W2,Q121A_5_W2
Q121A_6_W2,Q121A_6_W2,Q121A_6_W2
Q121A_7_W2,Q121A_7_W2,Q121A_7_W2
Q121A_8_W2,Q121A_8_W2,Q121A_8_W2
Q121B_W2,Q121B_W2,Q121B_W2
Q121C_W2,Q121C_W2,Q121C_W2
Q121D_1_W2,Q121D_1_W2,Q121D_1_W2
Q121D_2_W2,Q121D_2_W2,Q121D_2_W2
Q121D_3_W2,Q121D_3_W2,Q121D_3_W2
Q121D_4_W2,Q121D_4_W2,Q121D_4_W2
Q121D_5_W2,Q121D_5_W2,Q121D_5_W2
Q121D_6_W2,Q121D_6_W2,Q121D_6_W2
Q121D_7_W2,Q121D_7_W2,Q121D_7_W2
Q121E_W2,Q121E_W2,Q121E_W2
Q122_W2,Q122_W2,Q122_W2
Q122A_1_W2,Q122A_1_W2,Q122A_1_W2
Q122A_2_W2,Q122A_2_W2,Q122A_2_W2
Q122A_3_W2,Q122A_3_W2,Q122A_3_W2
Q122A_4_W2,Q122A_4_W2,Q122A_4_W2
Q122A_5_W2,Q122A_5_W2,Q122A_5_W2
Q122A_6_W2,Q122A_6_W2,Q122A_6_W2
Q122B_W2,Q122B_W2,Q122B_W2
Q122C_W2,Q122C_W2,Q122C_W2
Q122D_W2,Q122D_W2,Q122D_W2
Q122F_W2,Q122F_W2,Q122F_W2
Q122F1_W2,Q122F1_W2,Q122F1_W2
Q39A_W2,Q39A_W2,Q39A_W2
Q39B_W2,Q39B_W2,Q39B_W2
Q39C_W2,Q39C_W2,Q39C_W2
Q39E_W2,Q39E_W2,Q39E_W2
Q39G_W2,Q39G_W2,Q39G_W2
Q39I_W2,Q39I_W2,Q39I_W2
FLAGQ39A_W2,FLAGQ39A_W2,FLAGQ39A_W2
FLAGQ39B_W2,FLAGQ39B_W2,FLAGQ39B_W2
FLAGQ39C_W2,FLAGQ39C_W2,FLAGQ39C_W2
FLAGQ39E_W2,FLAGQ39E_W2,FLAGQ39E_W2
FLAGQ39G_W2,FLAGQ39G_W2,FLAGQ39G_W2
FLAGQ39I_W2,FLAGQ39I_W2,FLAGQ39I_W2
Q39AN_W2,Q39AN_W2,Q39AN_W2
Q39BN_W2,Q39BN_W2,Q39BN_W2
Q39CN_W2,Q39CN_W2,Q39CN_W2
Q39EN_W2,Q39EN_W2,Q39EN_W2
Q39GN_W2,Q39GN_W2,Q39GN_W2
Q39IN_W2,Q39IN_W2,Q39IN_W2
ELIG_FERTDISTRESS_W2,ELIG_FERTDISTRESS_W2,ELIG_FERTDISTRESS_W2
FERTDISTRESS_W2,FERTDISTRESS_W2,FERTDISTRESS_W2
FERTDISTRESS_I_W2,FERTDISTRESS_I_W2,FERTDISTRESS_I_W2
Q39D_W2,Q39D_W2,Q39D_W2
Q39H_W2,Q39H_W2,Q39H_W2
FLAGQ39D_W2,FLAGQ39D_W2,FLAGQ39D_W2
FLAGQ39H_W2,FLAGQ39H_W2,FLAGQ39H_W2
Q39DN_W2,Q39DN_W2,Q39DN_W2
Q39HN_W2,Q39HN_W2,Q39HN_W2
FERTBARRIERPOS_W2,FERTBARRIERPOS_W2,FERTBARRIERPOS_W2
FERTBARRIERPOS1_I_W2,FERTBARRIERPOS1_I_W2,FERTBARRIERPOS1_I_W2
FERTBARRIERPOS2_I_W2,FERTBARRIERPOS2_I_W2,FERTBARRIERPOS2_I_W2
FERTBARRIERPOS_I_W2,FERTBARRIERPOS_I_W2,FERTBARRIERPOS_I_W2
Q39J_W2,Q39J_W2,Q39J_W2
Q40_W2,Q40_W2,Q40_W2
Q40A_W2,Q40A_W2,Q40A_W2
Q43A_W2,Q43A_W2,Q43A_W2
Q43C_W2,Q43C_W2,Q43C_W2
Q43D_W2,Q43D_W2,Q43D_W2
FLAGQ43A_W2,FLAGQ43A_W2,FLAGQ43A_W2
FLAGQ43C_W2,FLAGQ43C_W2,FLAGQ43C_W2
FLAGQ43D_W2,FLAGQ43D_W2,FLAGQ43D_W2
Q43AN_W2,Q43AN_W2,Q43AN_W2
Q43CN_W2,Q43CN_W2,Q43CN_W2
Q43DN_W2,Q43DN_W2,Q43DN_W2
PASTINT1_I_W2,PASTINT1_I_W2,PASTINT1_I_W2
PASTINT2_I_W2,PASTINT2_I_W2,PASTINT2_I_W2
PASTINT3_I_W2,PASTINT3_I_W2,PASTINT3_I_W2
PASTINT_I_W2,PASTINT_I_W2,PASTINT_I_W2
ELIG_PASTINT_W2,ELIG_PASTINT_W2,ELIG_PASTINT_W2
PASTINT_W2,PASTINT_W2,PASTINT_W2
Q44A_W2,Q44A_W2,Q44A_W2
Q44C_W2,Q44C_W2,Q44C_W2
FLAGQ44A_W2,FLAGQ44A_W2,FLAGQ44A_W2
FLAGQ44C_W2,FLAGQ44C_W2,FLAGQ44C_W2
Q44AN_W2,Q44AN_W2,Q44AN_W2
Q44CN_W2,Q44CN_W2,Q44CN_W2
PINTEND1_I_W2,PINTEND1_I_W2,PINTEND1_I_W2
PINTEND2_I_W2,PINTEND2_I_W2,PINTEND2_I_W2
ELIG_PINTEND_W2,ELIG_PINTEND_W2,ELIG_PINTEND_W2
PINTEND_W2,PINTEND_W2,PINTEND_W2
PINTEND_I_W2,PINTEND_I_W2,PINTEND_I_W2
Q44D_W2,Q44D_W2,Q44D_W2
Q44E_W2,Q44E_W2,Q44E_W2
Q44F_W2,Q44F_W2,Q44F_W2
Q45A_W2,Q45A_W2,Q45A_W2
Q45B_W2,Q45B_W2,Q45B_W2
Q45C_W2,Q45C_W2,Q45C_W2
Q45D_W2,Q45D_W2,Q45D_W2
Q45E_W2,Q45E_W2,Q45E_W2
FLAGQ45A_W2,FLAGQ45A_W2,FLAGQ45A_W2
FLAGQ45B_W2,FLAGQ45B_W2,FLAGQ45B_W2
FLAGQ45C_W2,FLAGQ45C_W2,FLAGQ45C_W2
FLAGQ45D_W2,FLAGQ45D_W2,FLAGQ45D_W2
FLAGQ45E_W2,FLAGQ45E_W2,FLAGQ45E_W2
Q45AN_W2,Q45AN_W2,Q45AN_W2
Q45BN_W2,Q45BN_W2,Q45BN_W2
Q45CN_W2,Q45CN_W2,Q45CN_W2
Q45DN_W2,Q45DN_W2,Q45DN_W2
Q45EN_W2,Q45EN_W2,Q45EN_W2
ELIG_DISTRESS_W2,ELIG_DISTRESS_W2,ELIG_DISTRESS_W2
DISTRESS_W2,DISTRESS_W2,DISTRESS_W2
DISTRESS_I_W2,DISTRESS_I_W2,DISTRESS_I_W2
BMBSTRESS_W2,BMBSTRESS_W2,BMBSTRESS_W2
NOBMBSTRESS_W2,NOBMBSTRESS_W2,NOBMBSTRESS_W2
Q46A_W2,Q46A_W2,Q46A_W2
Q46B_W2,Q46B_W2,Q46B_W2
Q46C_W2,Q46C_W2,Q46C_W2
Q46E_W2,Q46E_W2,Q46E_W2
Q46G_W2,Q46G_W2,Q46G_W2
Q46I_W2,Q46I_W2,Q46I_W2
FLAGQ46A_W2,FLAGQ46A_W2,FLAGQ46A_W2
FLAGQ46B_W2,FLAGQ46B_W2,FLAGQ46B_W2
FLAGQ46C_W2,FLAGQ46C_W2,FLAGQ46C_W2
FLAGQ46E_W2,FLAGQ46E_W2,FLAGQ46E_W2
FLAGQ46G_W2,FLAGQ46G_W2,FLAGQ46G_W2
FLAGQ46I_W2,FLAGQ46I_W2,FLAGQ46I_W2
Q46AN_W2,Q46AN_W2,Q46AN_W2
Q46BN_W2,Q46BN_W2,Q46BN_W2
Q46CN_W2,Q46CN_W2,Q46CN_W2
Q46EN_W2,Q46EN_W2,Q46EN_W2
Q46GN_W2,Q46GN_W2,Q46GN_W2
Q46IN_W2,Q46IN_W2,Q46IN_W2
ELIG_CHILDLESSNEG_W2,ELIG_CHILDLESSNEG_W2,ELIG_CHILDLESSNEG_W2
CHILDLESSNEG_W2,CHILDLESSNEG_W2,CHILDLESSNEG_W2
CHILDLESSNEG_I_W2,CHILDLESSNEG_I_W2,CHILDLESSNEG_I_W2
Q46D_W2,Q46D_W2,Q46D_W2
Q46H_W2,Q46H_W2,Q46H_W2
FLAGQ46D_W2,FLAGQ46D_W2,FLAGQ46D_W2
FLAGQ46H_W2,FLAGQ46H_W2,FLAGQ46H_W2
Q46DN_W2,Q46DN_W2,Q46DN_W2
Q46HN_W2,Q46HN_W2,Q46HN_W2
ELIG_CHILDLESSPOS_W2,ELIG_CHILDLESSPOS_W2,ELIG_CHILDLESSPOS_W2
CHILDLESSPOS_W2,CHILDLESSPOS_W2,CHILDLESSPOS_W2
CHILDLESSPOS1_I_W2,CHILDLESSPOS1_I_W2,CHILDLESSPOS1_I_W2
CHILDLESSPOS2_I_W2,CHILDLESSPOS2_I_W2,CHILDLESSPOS2_I_W2
CHILDLESSPOS_I_W2,CHILDLESSPOS_I_W2,CHILDLESSPOS_I_W2
Q48A_W2,Q48A_W2,Q48A_W2
Q48B_W2,Q48B_W2,Q48B_W2
Q48C_W2,Q48C_W2,Q48C_W2
Q48D_W2,Q48D_W2,Q48D_W2
FLAGQ48A_W2,FLAGQ48A_W2,FLAGQ48A_W2
FLAGQ48B_W2,FLAGQ48B_W2,FLAGQ48B_W2
FLAGQ48C_W2,FLAGQ48C_W2,FLAGQ48C_W2
FLAGQ48D_W2,FLAGQ48D_W2,FLAGQ48D_W2
Q48AN_W2,Q48AN_W2,Q48AN_W2
Q48BN_W2,Q48BN_W2,Q48BN_W2
Q48CN_W2,Q48CN_W2,Q48CN_W2
Q48DN_W2,Q48DN_W2,Q48DN_W2
SOCSUP1_I_W2,SOCSUP1_I_W2,SOCSUP1_I_W2
SOCSUP2_I_W2,SOCSUP2_I_W2,SOCSUP2_I_W2
SOCSUP3_I_W2,SOCSUP3_I_W2,SOCSUP3_I_W2
SOCSUP4_I_W2,SOCSUP4_I_W2,SOCSUP4_I_W2
ELIG_SOCSUP_W2,ELIG_SOCSUP_W2,ELIG_SOCSUP_W2
SOCSUP_W2,SOCSUP_W2,SOCSUP_W2
SOCSUP_I_W2,SOCSUP_I_W2,SOCSUP_I_W2
Q50_W2,Q50_W2,Q50_W2
Q54A_W2,Q54A_W2,Q54A_W2
Q54B_W2,Q54B_W2,Q54B_W2
Q54C_W2,Q54C_W2,Q54C_W2
Q54D_W2,Q54D_W2,Q54D_W2
Q54E_W2,Q54E_W2,Q54E_W2
Q54F_W2,Q54F_W2,Q54F_W2
Q54G_W2,Q54G_W2,Q54G_W2
Q54H_W2,Q54H_W2,Q54H_W2
Q54I_W2,Q54I_W2,Q54I_W2
Q54J_W2,Q54J_W2,Q54J_W2
FLAGQ54A_W2,FLAGQ54A_W2,FLAGQ54A_W2
FLAGQ54B_W2,FLAGQ54B_W2,FLAGQ54B_W2
FLAGQ54C_W2,FLAGQ54C_W2,FLAGQ54C_W2
FLAGQ54D_W2,FLAGQ54D_W2,FLAGQ54D_W2
FLAGQ54E_W2,FLAGQ54E_W2,FLAGQ54E_W2
FLAGQ54F_W2,FLAGQ54F_W2,FLAGQ54F_W2
FLAGQ54G_W2,FLAGQ54G_W2,FLAGQ54G_W2
FLAGQ54H_W2,FLAGQ54H_W2,FLAGQ54H_W2
FLAGQ54I_W2,FLAGQ54I_W2,FLAGQ54I_W2
FLAGQ54J_W2,FLAGQ54J_W2,FLAGQ54J_W2
Q54AN_W2,Q54AN_W2,Q54AN_W2
Q54BN_W2,Q54BN_W2,Q54BN_W2
Q54CN_W2,Q54CN_W2,Q54CN_W2
Q54DN_W2,Q54DN_W2,Q54DN_W2
Q54EN_W2,Q54EN_W2,Q54EN_W2
Q54FN_W2,Q54FN_W2,Q54FN_W2
Q54GN_W2,Q54GN_W2,Q54GN_W2
Q54HN_W2,Q54HN_W2,Q54HN_W2
Q54IN_W2,Q54IN_W2,Q54IN_W2
Q54JN_W2,Q54JN_W2,Q54JN_W2
ELIG_CESD_W2,ELIG_CESD_W2,ELIG_CESD_W2
CESD_W2,CESD_W2,CESD_W2
CESD_I_W2,CESD_I_W2,CESD_I_W2
Q55_W2,Q55_W2,Q55_W2
Q55A_W2,Q55A_W2,Q55A_W2
Q55B_1_W2,Q55B_1_W2,Q55B_1_W2
Q55B_2_W2,Q55B_2_W2,Q55B_2_W2
Q55B_3_W2,Q55B_3_W2,Q55B_3_W2
Q55B_4_W2,Q55B_4_W2,Q55B_4_W2
Q55B_5_W2,Q55B_5_W2,Q55B_5_W2
Q55B_6_W2,Q55B_6_W2,Q55B_6_W2
Q55B_7_W2,Q55B_7_W2,Q55B_7_W2
Q55B_8_W2,Q55B_8_W2,Q55B_8_W2
Q55B_9_W2,Q55B_9_W2,Q55B_9_W2
Q55C_W2,Q55C_W2,Q55C_W2
Q57_W2,Q57_W2,Q57_W2
Q57A_W2,Q57A_W2,Q57A_W2
Q60A_W2,Q60A_W2,Q60A_W2
Q60B_W2,Q60B_W2,Q60B_W2
Q60C_W2,Q60C_W2,Q60C_W2
FLAGQ60A_W2,FLAGQ60A_W2,FLAGQ60A_W2
FLAGQ60B_W2,FLAGQ60B_W2,FLAGQ60B_W2
FLAGQ60C_W2,FLAGQ60C_W2,FLAGQ60C_W2
Q60AN_W2,Q60AN_W2,Q60AN_W2
Q60BN_W2,Q60BN_W2,Q60BN_W2
Q60CN_W2,Q60CN_W2,Q60CN_W2
MEDSCI1_I_W2,MEDSCI1_I_W2,MEDSCI1_I_W2
MEDSCI2_I_W2,MEDSCI2_I_W2,MEDSCI2_I_W2
MEDSCI3_I_W2,MEDSCI3_I_W2,MEDSCI3_I_W2
ELIG_MEDSCI_W2,ELIG_MEDSCI_W2,ELIG_MEDSCI_W2
MEDSCI_W2,MEDSCI_W2,MEDSCI_W2
MEDSCI_I_W2,MEDSCI_I_W2,MEDSCI_I_W2
Q60D_W2,Q60D_W2,Q60D_W2
Q60E_W2,Q60E_W2,Q60E_W2
Q60F_W2,Q60F_W2,Q60F_W2
FLAGQ60D_W2,FLAGQ60D_W2,FLAGQ60D_W2
FLAGQ60E_W2,FLAGQ60E_W2,FLAGQ60E_W2
FLAGQ60F_W2,FLAGQ60F_W2,FLAGQ60F_W2
Q60DN_W2,Q60DN_W2,Q60DN_W2
Q60EN_W2,Q60EN_W2,Q60EN_W2
Q60FN_W2,Q60FN_W2,Q60FN_W2
STIGMA1_I_W2,STIGMA1_I_W2,STIGMA1_I_W2
STIGMA2_I_W2,STIGMA2_I_W2,STIGMA2_I_W2
STIGMA3_I_W2,STIGMA3_I_W2,STIGMA3_I_W2
ELIG_STIGMA_W2,ELIG_STIGMA_W2,ELIG_STIGMA_W2
STIGMA_W2,STIGMA_W2,STIGMA_W2
STIGMA_I_W2,STIGMA_I_W2,STIGMA_I_W2
Q61A_W2,Q61A_W2,Q61A_W2
Q61B_W2,Q61B_W2,Q61B_W2
Q61C_W2,Q61C_W2,Q61C_W2
Q61D_W2,Q61D_W2,Q61D_W2
Q61E_W2,Q61E_W2,Q61E_W2
Q61F_W2,Q61F_W2,Q61F_W2
FLAGQ61A_W2,FLAGQ61A_W2,FLAGQ61A_W2
FLAGQ61B_W2,FLAGQ61B_W2,FLAGQ61B_W2
FLAGQ61C_W2,FLAGQ61C_W2,FLAGQ61C_W2
FLAGQ61D_W2,FLAGQ61D_W2,FLAGQ61D_W2
FLAGQ61E_W2,FLAGQ61E_W2,FLAGQ61E_W2
FLAGQ61F_W2,FLAGQ61F_W2,FLAGQ61F_W2
Q61AN_W2,Q61AN_W2,Q61AN_W2
Q61BN_W2,Q61BN_W2,Q61BN_W2
Q61CN_W2,Q61CN_W2,Q61CN_W2
Q61DN_W2,Q61DN_W2,Q61DN_W2
Q61EN_W2,Q61EN_W2,Q61EN_W2
Q61FN_W2,Q61FN_W2,Q61FN_W2
ELIG_ETHICS_W2,ELIG_ETHICS_W2,ELIG_ETHICS_W2
ETHICS_W2,ETHICS_W2,ETHICS_W2
ETHICS_I_W2,ETHICS_I_W2,ETHICS_I_W2
Q62_W2,Q62_W2,Q62_W2
Q62A_W2,Q62A_W2,Q62A_W2
FLAGQ62_W2,FLAGQ62_W2,FLAGQ62_W2
FLAGQ62A_W2,FLAGQ62A_W2,FLAGQ62A_W2
Q62N_W2,Q62N_W2,Q62N_W2
Q62AN_W2,Q62AN_W2,Q62AN_W2
ETHICSMP1_I_W2,ETHICSMP1_I_W2,ETHICSMP1_I_W2
ETHICSMP2_I_W2,ETHICSMP2_I_W2,ETHICSMP2_I_W2
ELIG_ETHICS2_W2,ELIG_ETHICS2_W2,ELIG_ETHICS2_W2
ETHICSMP_W2,ETHICSMP_W2,ETHICSMP_W2
ETHICSMP_I_W2,ETHICSMP_I_W2,ETHICSMP_I_W2
Q63A_W2,Q63A_W2,Q63A_W2
Q63B_W2,Q63B_W2,Q63B_W2
Q63C_W2,Q63C_W2,Q63C_W2
FLAGQ63A_W2,FLAGQ63A_W2,FLAGQ63A_W2
FLAGQ63B_W2,FLAGQ63B_W2,FLAGQ63B_W2
FLAGQ63C_W2,FLAGQ63C_W2,FLAGQ63C_W2
Q63AN_W2,Q63AN_W2,Q63AN_W2
Q63BN_W2,Q63BN_W2,Q63BN_W2
Q63CN_W2,Q63CN_W2,Q63CN_W2
SELFEST1_I_W2,SELFEST1_I_W2,SELFEST1_I_W2
SELFEST2_I_W2,SELFEST2_I_W2,SELFEST2_I_W2
SELFEST3_I_W2,SELFEST3_I_W2,SELFEST3_I_W2
ELIG_SELFEST_W2,ELIG_SELFEST_W2,ELIG_SELFEST_W2
SELFEST_W2,SELFEST_W2,SELFEST_W2
SELFEST_I_W2,SELFEST_I_W2,SELFEST_I_W2
Q64_W2,Q64_W2,Q64_W2
Q64A_W2,Q64A_W2,Q64A_W2
Q65_W2,Q65_W2,Q65_W2
Q65A_W2,Q65A_W2,Q65A_W2
Q67_W2,Q67_W2,Q67_W2
Q67A_W2,Q67A_W2,Q67A_W2
Q69_W2,Q69_W2,Q69_W2
Q69A_W2,Q69A_W2,Q69A_W2
Q69C_W2,Q69C_W2,Q69C_W2
Q70_W2,Q70_W2,Q70_W2
Q72_W2,Q72_W2,Q72_W2
Q73_W2,Q73_W2,Q73_W2
Q74_W2,Q74_W2,Q74_W2
Q74D_W2,Q74D_W2,Q74D_W2
Q74C_W2,Q74C_W2,Q74C_W2
Q74A1_W2,Q74A1_W2,Q74A1_W2
Q74B_W2,Q74B_W2,Q74B_W2
Q76_W2,Q76_W2,Q76_W2
Q76A_1_W2,Q76A_1_W2,Q76A_1_W2
Q76A_2_W2,Q76A_2_W2,Q76A_2_W2
Q76A_3_W2,Q76A_3_W2,Q76A_3_W2
Q76A_4_W2,Q76A_4_W2,Q76A_4_W2
Q76A_5_W2,Q76A_5_W2,Q76A_5_W2
Q76A_6_W2,Q76A_6_W2,Q76A_6_W2
Q76A_7_W2,Q76A_7_W2,Q76A_7_W2
Q76A_8_W2,Q76A_8_W2,Q76A_8_W2
Q76A_9_W2,Q76A_9_W2,Q76A_9_W2
Q76A_10_W2,Q76A_10_W2,Q76A_10_W2
Q76A_11_W2,Q76A_11_W2,Q76A_11_W2
Q76A_12_W2,Q76A_12_W2,Q76A_12_W2
Q76A_13_W2,Q76A_13_W2,Q76A_13_W2
Q76A_14_W2,Q76A_14_W2,Q76A_14_W2
Q76A_15_W2,Q76A_15_W2,Q76A_15_W2
Q79_W2,Q79_W2,Q79_W2
Q80_W2,Q80_W2,Q80_W2
Q81_W2,Q81_W2,Q81_W2
Q82_W2,Q82_W2,Q82_W2
FLAGQ79_W2,FLAGQ79_W2,FLAGQ79_W2
FLAGQ80_W2,FLAGQ80_W2,FLAGQ80_W2
FLAGQ81_W2,FLAGQ81_W2,FLAGQ81_W2
FLAGQ82_W2,FLAGQ82_W2,FLAGQ82_W2
Q79N_W2,Q79N_W2,Q79N_W2
Q80N_W2,Q80N_W2,Q80N_W2
Q81N_W2,Q81N_W2,Q81N_W2
Q82N_W2,Q82N_W2,Q82N_W2
ELIG_RELIG_W2,ELIG_RELIG_W2,ELIG_RELIG_W2
RELIG_W2,RELIG_W2,RELIG_W2
Q84_W2,Q84_W2,Q84_W2
Q84_PROTESTANT_W2,Q84_PROTESTANT_W2,Q84_PROTESTANT_W2
Q84_CATHOLIC_W2,Q84_CATHOLIC_W2,Q84_CATHOLIC_W2
Q84_JEWISH_W2,Q84_JEWISH_W2,Q84_JEWISH_W2
Q84_ISLAMIC_W2,Q84_ISLAMIC_W2,Q84_ISLAMIC_W2
Q84_ELSE_W2,Q84_ELSE_W2,Q84_ELSE_W2
Q84_NONE_W2,Q84_NONE_W2,Q84_NONE_W2
Q84_OTHERCHRISTIAN_W2,Q84_OTHERCHRISTIAN_W2,Q84_OTHERCHRISTIAN_W2
Q85_W2,Q85_W2,Q85_W2
Q85A_W2,Q85A_W2,Q85A_W2
Q85B_W2,Q85B_W2,Q85B_W2
Q86_W2,Q86_W2,Q86_W2
Q86A_W2,Q86A_W2,Q86A_W2
Q86B_W2,Q86B_W2,Q86B_W2
Q87A_W2,Q87A_W2,Q87A_W2
Q87B_W2,Q87B_W2,Q87B_W2
Q87C_W2,Q87C_W2,Q87C_W2
FLAGQ87A_W2,FLAGQ87A_W2,FLAGQ87A_W2
FLAGQ87B_W2,FLAGQ87B_W2,FLAGQ87B_W2
FLAGQ87C_W2,FLAGQ87C_W2,FLAGQ87C_W2
Q87AN_W2,Q87AN_W2,Q87AN_W2
Q87BN_W2,Q87BN_W2,Q87BN_W2
Q87CN_W2,Q87CN_W2,Q87CN_W2
ECONHAR1_I_W2,ECONHAR1_I_W2,ECONHAR1_I_W2
ECONHAR2_I_W2,ECONHAR2_I_W2,ECONHAR2_I_W2
ECONHAR3_I_W2,ECONHAR3_I_W2,ECONHAR3_I_W2
ELIG_ECONHAR_W2,ELIG_ECONHAR_W2,ELIG_ECONHAR_W2
ECONHAR_W2,ECONHAR_W2,ECONHAR_W2
ECONHAR_I_W2,ECONHAR_I_W2,ECONHAR_I_W2
Q88_W2,Q88_W2,Q88_W2
Q88A_W2,Q88A_W2,Q88A_W2
Q89_W2,Q89_W2,Q89_W2
INSURE_PRIV_W2,INSURE_PRIV_W2,INSURE_PRIV_W2
INSURE_PUB_W2,INSURE_PUB_W2,INSURE_PUB_W2
INSURE_NONE_W2,INSURE_NONE_W2,INSURE_NONE_W2
INSURE_OTHER_W2,INSURE_OTHER_W2,INSURE_OTHER_W2
Q89B_W2,Q89B_W2,Q89B_W2
MODE_W2,MODE_W2,MODE_W2
DIVISION_W2,DIVISION_W2,DIVISION_W2
UNION2_W2,UNION2_W2,UNION2_W2
LESBIAN2_W2,LESBIAN2_W2,LESBIAN2_W2
V1_IMPPAR_W2,V1_IMPPAR_W2,V1_IMPPAR_W2
V2_LIFESAT_W2,V2_LIFESAT_W2,V2_LIFESAT_W2
V3_MEDLOC_W2,V3_MEDLOC_W2,V3_MEDLOC_W2
V4_TREAT_W2,V4_TREAT_W2,V4_TREAT_W2
V5_DEP_W2,V5_DEP_W2,V5_DEP_W2
V6_POSATT_W2,V6_POSATT_W2,V6_POSATT_W2
V7_GETPREG_W2,V7_GETPREG_W2,V7_GETPREG_W2
V8_POSGETPREG_W2,V8_POSGETPREG_W2,V8_POSGETPREG_W2
V9_DEL_W2,V9_DEL_W2,V9_DEL_W2
V10_CHSOCDIS_W2,V10_CHSOCDIS_W2,V10_CHSOCDIS_W2
V11_CHNEG_W2,V11_CHNEG_W2,V11_CHNEG_W2
V12_CHPOS_W2,V12_CHPOS_W2,V12_CHPOS_W2
V13_SOCSUP_W2,V13_SOCSUP_W2,V13_SOCSUP_W2
V14_CESD_W2,V14_CESD_W2,V14_CESD_W2
V15_MEDSCI_W2,V15_MEDSCI_W2,V15_MEDSCI_W2
V16_STIG_W2,V16_STIG_W2,V16_STIG_W2
V17_ETHIC_W2,V17_ETHIC_W2,V17_ETHIC_W2
V18_ETHMULTPREG_W2,V18_ETHMULTPREG_W2,V18_ETHMULTPREG_W2
V19_SELFEST_W2,V19_SELFEST_W2,V19_SELFEST_W2
V20_RELIG_W2,V20_RELIG_W2,V20_RELIG_W2
V21_ECONHARD_W2,V21_ECONHARD_W2,V21_ECONHARD_W2
V22_GENDERATT_W2,V22_GENDERATT_W2,V22_GENDERATT_W2
LONGTRY_W2,LONGTRY_W2,LONGTRY_W2
LNGWAIT_W2,LNGWAIT_W2,LNGWAIT_W2
SUBFEC_W2,SUBFEC_W2,SUBFEC_W2
OTHRMED_W2,OTHRMED_W2,OTHRMED_W2
BMB_W2,BMB_W2,BMB_W2
FORMER_W2,FORMER_W2,FORMER_W2
SOCPAR1_W2,SOCPAR1_W2,SOCPAR1_W2
BIOPAR_W2,BIOPAR_W2,BIOPAR_W2
SOCPAR2_W2,SOCPAR2_W2,SOCPAR2_W2
BIOKID_W2,BIOKID_W2,BIOKID_W2
PREGW1_W2,PREGW1_W2,PREGW1_W2
LIVE_P1_W2,LIVE_P1_W2,LIVE_P1_W2
LIVE1_W2,LIVE1_W2,LIVE1_W2
LIVE2_W2,LIVE2_W2,LIVE2_W2
LIVE3_W2,LIVE3_W2,LIVE3_W2
LIVE4_W2,LIVE4_W2,LIVE4_W2
LIVE5_W2,LIVE5_W2,LIVE5_W2
MISC_P1_W2,MISC_P1_W2,MISC_P1_W2
MISC1_W2,MISC1_W2,MISC1_W2
MISC2_W2,MISC2_W2,MISC2_W2
MISC3_W2,MISC3_W2,MISC3_W2
MISC4_W2,MISC4_W2,MISC4_W2
MISC5_W2,MISC5_W2,MISC5_W2
NUMMISC_W2,NUMMISC_W2,NUMMISC_W2
YRUNION_W2,YRUNION_W2,YRUNION_W2
MISCARY_W2,MISCARY_W2,MISCARY_W2
WONDER_W2,WONDER_W2,WONDER_W2
NOSPERM_W2,NOSPERM_W2,NOSPERM_W2
PSCR1,PSCR1,PSCR1
PMARRIED,PMARRIED,PMARRIED
PDIVORCED,PDIVORCED,PDIVORCED
PWIDOWED,PWIDOWED,PWIDOWED
PSEPARATED,PSEPARATED,PSEPARATED
PNEVERMARRIED,PNEVERMARRIED,PNEVERMARRIED
PLESBIANPART,PLESBIANPART,PLESBIANPART
PCOHABITING,PCOHABITING,PCOHABITING
PSCR1A,PSCR1A,PSCR1A
PQ1A,PQ1A,PQ1A
PQ1C,PQ1C,PQ1C
PQ1D,PQ1D,PQ1D
PQ2A,PQ2A,PQ2A
PQ2C,PQ2C,PQ2C
PQ2D,PQ2D,PQ2D
PQ2E,PQ2E,PQ2E
FLAGPQ2A,FLAGPQ2A,FLAGPQ2A
FLAGPQ2C,FLAGPQ2C,FLAGPQ2C
FLAGPQ2D,FLAGPQ2D,FLAGPQ2D
FLAGPQ2E,FLAGPQ2E,FLAGPQ2E
PQ2AN,PQ2AN,PQ2AN
PQ2CN,PQ2CN,PQ2CN
PQ2DN,PQ2DN,PQ2DN
PQ2EN,PQ2EN,PQ2EN
PIMPPAR1_I,PIMPPAR1_I,PIMPPAR1_I
PIMPPAR2_I,PIMPPAR2_I,PIMPPAR2_I
PIMPPAR3_I,PIMPPAR3_I,PIMPPAR3_I
PIMPPAR4_I,PIMPPAR4_I,PIMPPAR4_I
PIMPPAR_I,PIMPPAR_I,PIMPPAR_I
PELIG_IMPPAR,PELIG_IMPPAR,PELIG_IMPPAR
PQ2F,PQ2F,PQ2F
PQ2G,PQ2G,PQ2G
PQ2B,PQ2B,PQ2B
PQ2K,PQ2K,PQ2K
PQ2L,PQ2L,PQ2L
PTRADITIONAL,PTRADITIONAL,PTRADITIONAL
PQ3A,PQ3A,PQ3A
PEMPLOYEDFT,PEMPLOYEDFT,PEMPLOYEDFT
PEMPLOYEDPT,PEMPLOYEDPT,PEMPLOYEDPT
PUNEMPLOYED,PUNEMPLOYED,PUNEMPLOYED
PRETIRED,PRETIRED,PRETIRED
PINSCHOOL,PINSCHOOL,PINSCHOOL
PKEEPHOUSE,PKEEPHOUSE,PKEEPHOUSE
PDISABLED,PDISABLED,PDISABLED
POTHER_EMPLOY,POTHER_EMPLOY,POTHER_EMPLOY
PQ3E,PQ3E,PQ3E
PRACE1,PRACE1,PRACE1
PRACE2,PRACE2,PRACE2
PRACE3,PRACE3,PRACE3
PRACE4,PRACE4,PRACE4
PRACE5,PRACE5,PRACE5
PRACE6,PRACE6,PRACE6
PRACE7,PRACE7,PRACE7
PRACE8,PRACE8,PRACE8
PRACE9,PRACE9,PRACE9
PHISP,PHISP,PHISP
PALLRACE,PALLRACE,PALLRACE
PQ8A,PQ8A,PQ8A
PQ8B,PQ8B,PQ8B
PQ8C,PQ8C,PQ8C
PQ8D,PQ8D,PQ8D
FLAGPQ8A,FLAGPQ8A,FLAGPQ8A
FLAGPQ8B,FLAGPQ8B,FLAGPQ8B
FLAGPQ8C,FLAGPQ8C,FLAGPQ8C
FLAGPQ8D,FLAGPQ8D,FLAGPQ8D
PQ8AN,PQ8AN,PQ8AN
PQ8BN,PQ8BN,PQ8BN
PQ8CN,PQ8CN,PQ8CN
PQ8DN,PQ8DN,PQ8DN
PLIFESAT1_I,PLIFESAT1_I,PLIFESAT1_I
PLIFESAT2_I,PLIFESAT2_I,PLIFESAT2_I
PLIFESAT3_I,PLIFESAT3_I,PLIFESAT3_I
PLIFESAT4_I,PLIFESAT4_I,PLIFESAT4_I
PELIG_LIFESAT,PELIG_LIFESAT,PELIG_LIFESAT
PLIFESAT,PLIFESAT,PLIFESAT
PLIFESAT_I,PLIFESAT_I,PLIFESAT_I
PQ8E,PQ8E,PQ8E
PQ8F,PQ8F,PQ8F
PQ8G,PQ8G,PQ8G
PQ8H,PQ8H,PQ8H
PQ8I,PQ8I,PQ8I
PQ8J,PQ8J,PQ8J
FLAGPQ8E,FLAGPQ8E,FLAGPQ8E
FLAGPQ8F,FLAGPQ8F,FLAGPQ8F
FLAGPQ8G,FLAGPQ8G,FLAGPQ8G
FLAGPQ8H,FLAGPQ8H,FLAGPQ8H
FLAGPQ8I,FLAGPQ8I,FLAGPQ8I
FLAGPQ8J,FLAGPQ8J,FLAGPQ8J
PQ8EN,PQ8EN,PQ8EN
PQ8FN,PQ8FN,PQ8FN
PQ8GN,PQ8GN,PQ8GN
PQ8HN,PQ8HN,PQ8HN
PQ8IN,PQ8IN,PQ8IN
PQ8JN,PQ8JN,PQ8JN
PELIG_MEDLOC,PELIG_MEDLOC,PELIG_MEDLOC
PMEDLOC,PMEDLOC,PMEDLOC
PMEDLOC_I,PMEDLOC_I,PMEDLOC_I
PQ14,PQ14,PQ14
PQ15,PQ15,PQ15
PQ15A,PQ15A,PQ15A
PQ10X,PQ10X,PQ10X
PQ11,PQ11,PQ11
PQ11A,PQ11A,PQ11A
PQ12,PQ12,PQ12
PQ16A,PQ16A,PQ16A
PQ16B,PQ16B,PQ16B
PQ17,PQ17,PQ17
PQ21,PQ21,PQ21
PQ21E,PQ21E,PQ21E
PQ22,PQ22,PQ22
PQ22A,PQ22A,PQ22A
PSURG_VASECTOMY,PSURG_VASECTOMY,PSURG_VASECTOMY
PSURG_TESTESREM,PSURG_TESTESREM,PSURG_TESTESREM
PSURG_OTHER,PSURG_OTHER,PSURG_OTHER
PQ22C_1,PQ22C_1,PQ22C_1
PQ22C_2,PQ22C_2,PQ22C_2
PQ22C_3,PQ22C_3,PQ22C_3
PQ22C_4,PQ22C_4,PQ22C_4
PQ22C_5,PQ22C_5,PQ22C_5
PQ22C_6,PQ22C_6,PQ22C_6
PQ22C_7,PQ22C_7,PQ22C_7
PQ22C_8,PQ22C_8,PQ22C_8
PQ22C_9,PQ22C_9,PQ22C_9
PQ22C_10,PQ22C_10,PQ22C_10
PQ22C_11,PQ22C_11,PQ22C_11
PQ22C_12,PQ22C_12,PQ22C_12
PQ22C_13,PQ22C_13,PQ22C_13
PQ22C_14,PQ22C_14,PQ22C_14
PQ22E,PQ22E,PQ22E
PQ23,PQ23,PQ23
PQ24,PQ24,PQ24
PQ25,PQ25,PQ25
PQ25C1,PQ25C1,PQ25C1
PQ25C2,PQ25C2,PQ25C2
PQ25C3,PQ25C3,PQ25C3
PQ26,PQ26,PQ26
PQ26A,PQ26A,PQ26A
PQ27,PQ27,PQ27
PQ30,PQ30,PQ30
PQ31F,PQ31F,PQ31F
PQ31F1,PQ31F1,PQ31F1
PQ31G,PQ31G,PQ31G
PQ32,PQ32,PQ32
PQ32A,PQ32A,PQ32A
PQ32B2,PQ32B2,PQ32B2
PQ32C,PQ32C,PQ32C
PQ32C2,PQ32C2,PQ32C2
PQ32F,PQ32F,PQ32F
PQ34A,PQ34A,PQ34A
PQ34B,PQ34B,PQ34B
PQ34C,PQ34C,PQ34C
PQ36B,PQ36B,PQ36B
PQ36C,PQ36C,PQ36C
PQ36D,PQ36D,PQ36D
PQ36F,PQ36F,PQ36F
PQ36G,PQ36G,PQ36G
PQ36H,PQ36H,PQ36H
PQ36I,PQ36I,PQ36I
PQ36J,PQ36J,PQ36J
PQ36K,PQ36K,PQ36K
PQ36L,PQ36L,PQ36L
PQ36M,PQ36M,PQ36M
PQ36M3,PQ36M3,PQ36M3
PQ36O,PQ36O,PQ36O
FLAGPQ36B,FLAGPQ36B,FLAGPQ36B
FLAGPQ36C,FLAGPQ36C,FLAGPQ36C
FLAGPQ36D,FLAGPQ36D,FLAGPQ36D
FLAGPQ36F,FLAGPQ36F,FLAGPQ36F
FLAGPQ36G,FLAGPQ36G,FLAGPQ36G
FLAGPQ36H,FLAGPQ36H,FLAGPQ36H
FLAGPQ36I,FLAGPQ36I,FLAGPQ36I
FLAGPQ36J,FLAGPQ36J,FLAGPQ36J
FLAGPQ36K,FLAGPQ36K,FLAGPQ36K
FLAGPQ36L,FLAGPQ36L,FLAGPQ36L
FLAGPQ36M,FLAGPQ36M,FLAGPQ36M
FLAGPQ36M3,FLAGPQ36M3,FLAGPQ36M3
FLAGPQ36O,FLAGPQ36O,FLAGPQ36O
PQ36BN,PQ36BN,PQ36BN
PQ36CN,PQ36CN,PQ36CN
PQ36DN,PQ36DN,PQ36DN
PQ36FN,PQ36FN,PQ36FN
PQ36GN,PQ36GN,PQ36GN
PQ36HN,PQ36HN,PQ36HN
PQ36IN,PQ36IN,PQ36IN
PQ36JN,PQ36JN,PQ36JN
PQ36KN,PQ36KN,PQ36KN
PQ36LN,PQ36LN,PQ36LN
PQ36MN,PQ36MN,PQ36MN
PQ36M3N,PQ36M3N,PQ36M3N
PQ36ON,PQ36ON,PQ36ON
PELIG_TREATSERIES,PELIG_TREATSERIES,PELIG_TREATSERIES
P_NOTREAT,P_NOTREAT,P_NOTREAT
PNOTREAT_I,PNOTREAT_I,PNOTREAT_I
PQ37A,PQ37A,PQ37A
PQ37E_1,PQ37E_1,PQ37E_1
PQ37E_2,PQ37E_2,PQ37E_2
PQ37E_3,PQ37E_3,PQ37E_3
PQ37E_4,PQ37E_4,PQ37E_4
PQ37E_5,PQ37E_5,PQ37E_5
PQ37E_6,PQ37E_6,PQ37E_6
PQ37E_7,PQ37E_7,PQ37E_7
PQ39A,PQ39A,PQ39A
PQ39B,PQ39B,PQ39B
PQ39C,PQ39C,PQ39C
PQ39E,PQ39E,PQ39E
PQ39G,PQ39G,PQ39G
PQ39I,PQ39I,PQ39I
FLAGPQ39A,FLAGPQ39A,FLAGPQ39A
FLAGPQ39B,FLAGPQ39B,FLAGPQ39B
FLAGPQ39C,FLAGPQ39C,FLAGPQ39C
FLAGPQ39E,FLAGPQ39E,FLAGPQ39E
FLAGPQ39G,FLAGPQ39G,FLAGPQ39G
FLAGPQ39I,FLAGPQ39I,FLAGPQ39I
PQ39AN,PQ39AN,PQ39AN
PQ39BN,PQ39BN,PQ39BN
PQ39CN,PQ39CN,PQ39CN
PQ39EN,PQ39EN,PQ39EN
PQ39GN,PQ39GN,PQ39GN
PQ39IN,PQ39IN,PQ39IN
PELIG_FERTDISTRESS,PELIG_FERTDISTRESS,PELIG_FERTDISTRESS
PFERTDISTRESS,PFERTDISTRESS,PFERTDISTRESS
PFERTDISTRESS_I,PFERTDISTRESS_I,PFERTDISTRESS_I
PQ39D,PQ39D,PQ39D
PQ39H,PQ39H,PQ39H
FLAGPQ39D,FLAGPQ39D,FLAGPQ39D
FLAGPQ39H,FLAGPQ39H,FLAGPQ39H
PQ39DN,PQ39DN,PQ39DN
PQ39HN,PQ39HN,PQ39HN
PFERTBARRIERPOS,PFERTBARRIERPOS,PFERTBARRIERPOS
PFERTBARRIERPOS1_I,PFERTBARRIERPOS1_I,PFERTBARRIERPOS1_I
PFERTBARRIERPOS2_I,PFERTBARRIERPOS2_I,PFERTBARRIERPOS2_I
PFERTBARRIERPOS_I,PFERTBARRIERPOS_I,PFERTBARRIERPOS_I
PQ40,PQ40,PQ40
PQ40A,PQ40A,PQ40A
PQ43A,PQ43A,PQ43A
PQ43C,PQ43C,PQ43C
PQ43D,PQ43D,PQ43D
FLAGPQ43A,FLAGPQ43A,FLAGPQ43A
FLAGPQ43C,FLAGPQ43C,FLAGPQ43C
FLAGPQ43D,FLAGPQ43D,FLAGPQ43D
PQ43AN,PQ43AN,PQ43AN
PQ43CN,PQ43CN,PQ43CN
PQ43DN,PQ43DN,PQ43DN
PPASTINT1_I,PPASTINT1_I,PPASTINT1_I
PPASTINT2_I,PPASTINT2_I,PPASTINT2_I
PPASTINT3_I,PPASTINT3_I,PPASTINT3_I
PPASTINT_I,PPASTINT_I,PPASTINT_I
PELIG_PASTINT,PELIG_PASTINT,PELIG_PASTINT
PQ44A,PQ44A,PQ44A
PQ44C,PQ44C,PQ44C
FLAGPQ44A,FLAGPQ44A,FLAGPQ44A
FLAGPQ44C,FLAGPQ44C,FLAGPQ44C
PQ44AN,PQ44AN,PQ44AN
PQ44CN,PQ44CN,PQ44CN
PPINTEND1_I,PPINTEND1_I,PPINTEND1_I
PPINTEND2_I,PPINTEND2_I,PPINTEND2_I
PELIG_PINTEND,PELIG_PINTEND,PELIG_PINTEND
PPINTEND_I,PPINTEND_I,PPINTEND_I
PQ44D,PQ44D,PQ44D
PQ44E,PQ44E,PQ44E
PQ44F,PQ44F,PQ44F
PQ45A,PQ45A,PQ45A
PQ45B,PQ45B,PQ45B
PQ45C,PQ45C,PQ45C
PQ45D,PQ45D,PQ45D
PQ45E,PQ45E,PQ45E
FLAGPQ45A,FLAGPQ45A,FLAGPQ45A
FLAGPQ45B,FLAGPQ45B,FLAGPQ45B
FLAGPQ45C,FLAGPQ45C,FLAGPQ45C
FLAGPQ45D,FLAGPQ45D,FLAGPQ45D
FLAGPQ45E,FLAGPQ45E,FLAGPQ45E
PQ45AN,PQ45AN,PQ45AN
PQ45BN,PQ45BN,PQ45BN
PQ45CN,PQ45CN,PQ45CN
PQ45DN,PQ45DN,PQ45DN
PQ45EN,PQ45EN,PQ45EN
PELIG_DISTRESS,PELIG_DISTRESS,PELIG_DISTRESS
PDISTRESS,PDISTRESS,PDISTRESS
PDISTRESS_I,PDISTRESS_I,PDISTRESS_I
PQ46A,PQ46A,PQ46A
PQ46B,PQ46B,PQ46B
PQ46C,PQ46C,PQ46C
PQ46E,PQ46E,PQ46E
PQ46G,PQ46G,PQ46G
PQ46I,PQ46I,PQ46I
PELIG_CHILDLESSNEG,PELIG_CHILDLESSNEG,PELIG_CHILDLESSNEG
PCHILDLESSNEG,PCHILDLESSNEG,PCHILDLESSNEG
PQ46D,PQ46D,PQ46D
PQ46H,PQ46H,PQ46H
FLAGPQ46D,FLAGPQ46D,FLAGPQ46D
FLAGPQ46H,FLAGPQ46H,FLAGPQ46H
PQ46DN,PQ46DN,PQ46DN
PQ46HN,PQ46HN,PQ46HN
PELIG_CHILDLESSPOS,PELIG_CHILDLESSPOS,PELIG_CHILDLESSPOS
PCHILDLESSPOS,PCHILDLESSPOS,PCHILDLESSPOS
PCHILDLESSPOS1_I,PCHILDLESSPOS1_I,PCHILDLESSPOS1_I
PCHILDLESSPOS2_I,PCHILDLESSPOS2_I,PCHILDLESSPOS2_I
PCHILDLESSPOS_I,PCHILDLESSPOS_I,PCHILDLESSPOS_I
PQ47,PQ47,PQ47
KIDBARRIER_TEMP,KIDBARRIER_TEMP,KIDBARRIER_TEMP
KIDBARRIER_PERM,KIDBARRIER_PERM,KIDBARRIER_PERM
PQ48A,PQ48A,PQ48A
PQ48B,PQ48B,PQ48B
PQ48C,PQ48C,PQ48C
PQ48D,PQ48D,PQ48D
FLAGPQ48A,FLAGPQ48A,FLAGPQ48A
FLAGPQ48B,FLAGPQ48B,FLAGPQ48B
FLAGPQ48C,FLAGPQ48C,FLAGPQ48C
FLAGPQ48D,FLAGPQ48D,FLAGPQ48D
PQ48AN,PQ48AN,PQ48AN
PQ48BN,PQ48BN,PQ48BN
PQ48CN,PQ48CN,PQ48CN
PQ48DN,PQ48DN,PQ48DN
PSOCSUP1_I,PSOCSUP1_I,PSOCSUP1_I
PSOCSUP2_I,PSOCSUP2_I,PSOCSUP2_I
PSOCSUP3_I,PSOCSUP3_I,PSOCSUP3_I
PSOCSUP4_I,PSOCSUP4_I,PSOCSUP4_I
PELIG_SOCSUP,PELIG_SOCSUP,PELIG_SOCSUP
PSOCSUP_I,PSOCSUP_I,PSOCSUP_I
PQ54A,PQ54A,PQ54A
PQ54B,PQ54B,PQ54B
PQ54C,PQ54C,PQ54C
PQ54D,PQ54D,PQ54D
PQ54E,PQ54E,PQ54E
PQ54F,PQ54F,PQ54F
PQ54G,PQ54G,PQ54G
PQ54H,PQ54H,PQ54H
PQ54I,PQ54I,PQ54I
PQ54J,PQ54J,PQ54J
FLAGPQ54A,FLAGPQ54A,FLAGPQ54A
FLAGPQ54B,FLAGPQ54B,FLAGPQ54B
FLAGPQ54C,FLAGPQ54C,FLAGPQ54C
FLAGPQ54D,FLAGPQ54D,FLAGPQ54D
FLAGPQ54E,FLAGPQ54E,FLAGPQ54E
FLAGPQ54F,FLAGPQ54F,FLAGPQ54F
FLAGPQ54G,FLAGPQ54G,FLAGPQ54G
FLAGPQ54H,FLAGPQ54H,FLAGPQ54H
FLAGPQ54I,FLAGPQ54I,FLAGPQ54I
FLAGPQ54J,FLAGPQ54J,FLAGPQ54J
PQ54AN,PQ54AN,PQ54AN
PQ54BN,PQ54BN,PQ54BN
PQ54CN,PQ54CN,PQ54CN
PQ54DN,PQ54DN,PQ54DN
PQ54EN,PQ54EN,PQ54EN
PQ54FN,PQ54FN,PQ54FN
PQ54GN,PQ54GN,PQ54GN
PQ54HN,PQ54HN,PQ54HN
PQ54IN,PQ54IN,PQ54IN
PQ54JN,PQ54JN,PQ54JN
PELIG_CESD,PELIG_CESD,PELIG_CESD
PCESD,PCESD,PCESD
PCESD_I,PCESD_I,PCESD_I
PQ55,PQ55,PQ55
PQ55A,PQ55A,PQ55A
PQ55B_1,PQ55B_1,PQ55B_1
PQ55B_2,PQ55B_2,PQ55B_2
PQ55B_3,PQ55B_3,PQ55B_3
PQ55B_4,PQ55B_4,PQ55B_4
PQ55B_5,PQ55B_5,PQ55B_5
PQ55B_6,PQ55B_6,PQ55B_6
PQ55B_7,PQ55B_7,PQ55B_7
PQ55B_8,PQ55B_8,PQ55B_8
PQ55B_9,PQ55B_9,PQ55B_9
PQ55C,PQ55C,PQ55C
PQ57,PQ57,PQ57
PQ57A,PQ57A,PQ57A
PQ60A,PQ60A,PQ60A
PQ60B,PQ60B,PQ60B
PQ60C,PQ60C,PQ60C
FLAGPQ60A,FLAGPQ60A,FLAGPQ60A
FLAGPQ60B,FLAGPQ60B,FLAGPQ60B
FLAGPQ60C,FLAGPQ60C,FLAGPQ60C
PQ60AN,PQ60AN,PQ60AN
PQ60BN,PQ60BN,PQ60BN
PQ60CN,PQ60CN,PQ60CN
PMEDSCI1_I,PMEDSCI1_I,PMEDSCI1_I
PMEDSCI2_I,PMEDSCI2_I,PMEDSCI2_I
PMEDSCI3_I,PMEDSCI3_I,PMEDSCI3_I
PELIG_MEDSCI,PELIG_MEDSCI,PELIG_MEDSCI
PMEDSCI_I,PMEDSCI_I,PMEDSCI_I
PQ60D,PQ60D,PQ60D
PQ60E,PQ60E,PQ60E
PQ60F,PQ60F,PQ60F
FLAGPQ60D,FLAGPQ60D,FLAGPQ60D
FLAGPQ60E,FLAGPQ60E,FLAGPQ60E
FLAGPQ60F,FLAGPQ60F,FLAGPQ60F
PQ60DN,PQ60DN,PQ60DN
PQ60EN,PQ60EN,PQ60EN
PQ60FN,PQ60FN,PQ60FN
PSTIGMA1_I,PSTIGMA1_I,PSTIGMA1_I
PSTIGMA2_I,PSTIGMA2_I,PSTIGMA2_I
PSTIGMA3_I,PSTIGMA3_I,PSTIGMA3_I
PELIG_STIGMA,PELIG_STIGMA,PELIG_STIGMA
PSTIGMA_I,PSTIGMA_I,PSTIGMA_I
PQ61A,PQ61A,PQ61A
PQ61B,PQ61B,PQ61B
PQ61C,PQ61C,PQ61C
PQ61D,PQ61D,PQ61D
PQ61E,PQ61E,PQ61E
PQ61F,PQ61F,PQ61F
FLAGPQ61A,FLAGPQ61A,FLAGPQ61A
FLAGPQ61B,FLAGPQ61B,FLAGPQ61B
FLAGPQ61C,FLAGPQ61C,FLAGPQ61C
FLAGPQ61D,FLAGPQ61D,FLAGPQ61D
FLAGPQ61E,FLAGPQ61E,FLAGPQ61E
FLAGPQ61F,FLAGPQ61F,FLAGPQ61F
PQ61AN,PQ61AN,PQ61AN
PQ61BN,PQ61BN,PQ61BN
PQ61CN,PQ61CN,PQ61CN
PQ61DN,PQ61DN,PQ61DN
PQ61EN,PQ61EN,PQ61EN
PQ61FN,PQ61FN,PQ61FN
PELIG_ETHICS,PELIG_ETHICS,PELIG_ETHICS
PETHICS,PETHICS,PETHICS
PETHICS_I,PETHICS_I,PETHICS_I
PQ62,PQ62,PQ62
PQ62A,PQ62A,PQ62A
FLAGPQ62,FLAGPQ62,FLAGPQ62
FLAGPQ62A,FLAGPQ62A,FLAGPQ62A
PQ62N,PQ62N,PQ62N
PQ62AN,PQ62AN,PQ62AN
PETHICSMP1_I,PETHICSMP1_I,PETHICSMP1_I
PETHICSMP2_I,PETHICSMP2_I,PETHICSMP2_I
PELIG_ETHICS2,PELIG_ETHICS2,PELIG_ETHICS2
PETHICSMP_I,PETHICSMP_I,PETHICSMP_I
PQ63A,PQ63A,PQ63A
PQ63B,PQ63B,PQ63B
PQ63C,PQ63C,PQ63C
FLAGPQ63A,FLAGPQ63A,FLAGPQ63A
FLAGPQ63B,FLAGPQ63B,FLAGPQ63B
FLAGPQ63C,FLAGPQ63C,FLAGPQ63C
PQ63AN,PQ63AN,PQ63AN
PQ63BN,PQ63BN,PQ63BN
PQ63CN,PQ63CN,PQ63CN
PSELFEST1_I,PSELFEST1_I,PSELFEST1_I
PSELFEST2_I,PSELFEST2_I,PSELFEST2_I
PSELFEST3_I,PSELFEST3_I,PSELFEST3_I
PELIG_SELFEST,PELIG_SELFEST,PELIG_SELFEST
PSELFEST_I,PSELFEST_I,PSELFEST_I
PQ67,PQ67,PQ67
PQ67A,PQ67A,PQ67A
PQ69,PQ69,PQ69
PQ69A,PQ69A,PQ69A
PQ69B,PQ69B,PQ69B
PQ70,PQ70,PQ70
PQ72,PQ72,PQ72
PQ79,PQ79,PQ79
PQ80,PQ80,PQ80
PQ81,PQ81,PQ81
PQ82,PQ82,PQ82
FLAGPQ79,FLAGPQ79,FLAGPQ79
FLAGPQ80,FLAGPQ80,FLAGPQ80
FLAGPQ81,FLAGPQ81,FLAGPQ81
FLAGPQ82,FLAGPQ82,FLAGPQ82
PQ79N,PQ79N,PQ79N
PQ80N,PQ80N,PQ80N
PQ81N,PQ81N,PQ81N
PQ82N,PQ82N,PQ82N
PELIG_RELIG,PELIG_RELIG,PELIG_RELIG
PQ84,PQ84,PQ84
PQ84_PROTESTANT,PQ84_PROTESTANT,PQ84_PROTESTANT
PQ84_CATHOLIC,PQ84_CATHOLIC,PQ84_CATHOLIC
PQ84_JEWISH,PQ84_JEWISH,PQ84_JEWISH
PQ84_ISLAMIC,PQ84_ISLAMIC,PQ84_ISLAMIC
PQ84_ELSE,PQ84_ELSE,PQ84_ELSE
PQ84_NONE,PQ84_NONE,PQ84_NONE
PQ84_OTHERCHRISTIAN,PQ84_OTHERCHRISTIAN,PQ84_OTHERCHRISTIAN
PTYPE_SAMPLING,PTYPE_SAMPLING,PTYPE_SAMPLING
PDIVISION,PDIVISION,PDIVISION
PV1_IMPPAR,PV1_IMPPAR,PV1_IMPPAR
PV2_LIFESAT,PV2_LIFESAT,PV2_LIFESAT
PV3_MEDLOC,PV3_MEDLOC,PV3_MEDLOC
PV4_TREAT,PV4_TREAT,PV4_TREAT
PV5_DEP,PV5_DEP,PV5_DEP
PV6_POSATT,PV6_POSATT,PV6_POSATT
PV7_GETPREG,PV7_GETPREG,PV7_GETPREG
PV8_POSGETPREG,PV8_POSGETPREG,PV8_POSGETPREG
PV9_DEL,PV9_DEL,PV9_DEL
PV10_CHSOCDIS,PV10_CHSOCDIS,PV10_CHSOCDIS
PV11_CHNEG,PV11_CHNEG,PV11_CHNEG
PV12_CHPOS,PV12_CHPOS,PV12_CHPOS
PV13_SOCSUP,PV13_SOCSUP,PV13_SOCSUP
PV14_CESD,PV14_CESD,PV14_CESD
PV15_MEDSCI,PV15_MEDSCI,PV15_MEDSCI
PV16_STIG,PV16_STIG,PV16_STIG
PV17_ETHIC,PV17_ETHIC,PV17_ETHIC
PV18_ETHMULTPREG,PV18_ETHMULTPREG,PV18_ETHMULTPREG
PV19_SELFEST,PV19_SELFEST,PV19_SELFEST
PV20_RELIG,PV20_RELIG,PV20_RELIG
PV21_ECOHARD,PV21_ECOHARD,PV21_ECOHARD
PUNION,PUNION,PUNION
PFORMER,PFORMER,PFORMER
PBIOPAR,PBIOPAR,PBIOPAR
PSOCPAR,PSOCPAR,PSOCPAR
PSUBFEC,PSUBFEC,PSUBFEC
POTHERMED,POTHERMED,POTHERMED
PBMB,PBMB,PBMB
PWONDER,PWONDER,PWONDER
PRR_PCI,PRR_PCI,PRR_PCI
PSCR1_W2,PSCR1_W2,PSCR1_W2
PMARRIED_W2,PMARRIED_W2,PMARRIED_W2
PDIVORCED_W2,PDIVORCED_W2,PDIVORCED_W2
PWIDOWED_W2,PWIDOWED_W2,PWIDOWED_W2
PSEPARATED_W2,PSEPARATED_W2,PSEPARATED_W2
PNEVERMARRIED_W2,PNEVERMARRIED_W2,PNEVERMARRIED_W2
PLESBIANPART_W2,PLESBIANPART_W2,PLESBIANPART_W2
PCOHABITING_W2,PCOHABITING_W2,PCOHABITING_W2
PSCR1A_W2,PSCR1A_W2,PSCR1A_W2
PLW_MO_W2,PLW_MO_W2,PLW_MO_W2
PLW_YR_W2,PLW_YR_W2,PLW_YR_W2
PEND_MO_W2,PEND_MO_W2,PEND_MO_W2
PEND_YR_W2,PEND_YR_W2,PEND_YR_W2
PSCR2A_W2,PSCR2A_W2,PSCR2A_W2
PBORNUS_W2,PBORNUS_W2,PBORNUS_W2
PLIVEDUS_W2,PLIVEDUS_W2,PLIVEDUS_W2
PQ1A_W2,PQ1A_W2,PQ1A_W2
PQ1C_W2,PQ1C_W2,PQ1C_W2
PQ1D_W2,PQ1D_W2,PQ1D_W2
PQ2A_W2,PQ2A_W2,PQ2A_W2
PQ2C_W2,PQ2C_W2,PQ2C_W2
PQ2D_W2,PQ2D_W2,PQ2D_W2
PQ2E_W2,PQ2E_W2,PQ2E_W2
FLAGPQ2A_W2,FLAGPQ2A_W2,FLAGPQ2A_W2
FLAGPQ2C_W2,FLAGPQ2C_W2,FLAGPQ2C_W2
FLAGPQ2D_W2,FLAGPQ2D_W2,FLAGPQ2D_W2
FLAGPQ2E_W2,FLAGPQ2E_W2,FLAGPQ2E_W2
PQ2AN_W2,PQ2AN_W2,PQ2AN_W2
PQ2CN_W2,PQ2CN_W2,PQ2CN_W2
PQ2DN_W2,PQ2DN_W2,PQ2DN_W2
PQ2EN_W2,PQ2EN_W2,PQ2EN_W2
PIMPPAR1_I_W2,PIMPPAR1_I_W2,PIMPPAR1_I_W2
PIMPPAR2_I_W2,PIMPPAR2_I_W2,PIMPPAR2_I_W2
PIMPPAR3_I_W2,PIMPPAR3_I_W2,PIMPPAR3_I_W2
PIMPPAR4_I_W2,PIMPPAR4_I_W2,PIMPPAR4_I_W2
PIMPPAR_I_W2,PIMPPAR_I_W2,PIMPPAR_I_W2
PQ2F_W2,PQ2F_W2,PQ2F_W2
PQ2G_W2,PQ2G_W2,PQ2G_W2
PQ2B_W2,PQ2B_W2,PQ2B_W2
PQ2K_W2,PQ2K_W2,PQ2K_W2
PQ2L_W2,PQ2L_W2,PQ2L_W2
PTRADITIONAL_W2,PTRADITIONAL_W2,PTRADITIONAL_W2
FLAGPQ2K_W2,FLAGPQ2K_W2,FLAGPQ2K_W2
FLAGPQ2L_W2,FLAGPQ2L_W2,FLAGPQ2L_W2
FLAGPGENAT3_W2,FLAGPGENAT3_W2,FLAGPGENAT3_W2
FLAGPGENAT4_W2,FLAGPGENAT4_W2,FLAGPGENAT4_W2
FLAGPGENAT5_W2,FLAGPGENAT5_W2,FLAGPGENAT5_W2
FLAGPGENAT6_W2,FLAGPGENAT6_W2,FLAGPGENAT6_W2
FLAGPGENAT7_W2,FLAGPGENAT7_W2,FLAGPGENAT7_W2
FLAGPGENAT8_W2,FLAGPGENAT8_W2,FLAGPGENAT8_W2
PQ2KN_W2,PQ2KN_W2,PQ2KN_W2
PQ2LN_W2,PQ2LN_W2,PQ2LN_W2
PGENAT3_W2,PGENAT3_W2,PGENAT3_W2
PGENAT4_W2,PGENAT4_W2,PGENAT4_W2
PGENAT5_W2,PGENAT5_W2,PGENAT5_W2
PGENAT6_W2,PGENAT6_W2,PGENAT6_W2
PGENAT7_W2,PGENAT7_W2,PGENAT7_W2
PGENAT8_W2,PGENAT8_W2,PGENAT8_W2
PGENAT9_W2,PGENAT9_W2,PGENAT9_W2
PGENAT3N_W2,PGENAT3N_W2,PGENAT3N_W2
PGENAT4N_W2,PGENAT4N_W2,PGENAT4N_W2
PGENAT5N_W2,PGENAT5N_W2,PGENAT5N_W2
PGENAT6N_W2,PGENAT6N_W2,PGENAT6N_W2
PGENAT7N_W2,PGENAT7N_W2,PGENAT7N_W2
PGENAT8N_W2,PGENAT8N_W2,PGENAT8N_W2
PQ3A_W2,PQ3A_W2,PQ3A_W2
PEMPLOYEDFT_W2,PEMPLOYEDFT_W2,PEMPLOYEDFT_W2
PEMPLOYEDPT_W2,PEMPLOYEDPT_W2,PEMPLOYEDPT_W2
PUNEMPLOYED_W2,PUNEMPLOYED_W2,PUNEMPLOYED_W2
PRETIRED_W2,PRETIRED_W2,PRETIRED_W2
PINSCHOOL_W2,PINSCHOOL_W2,PINSCHOOL_W2
PKEEPHOUSE_W2,PKEEPHOUSE_W2,PKEEPHOUSE_W2
PDISABLED_W2,PDISABLED_W2,PDISABLED_W2
POTHER_EMPLOY_W2,POTHER_EMPLOY_W2,POTHER_EMPLOY_W2
PQ3E_W2,PQ3E_W2,PQ3E_W2
PRACE1_W2,PRACE1_W2,PRACE1_W2
PRACE2_W2,PRACE2_W2,PRACE2_W2
PRACE3_W2,PRACE3_W2,PRACE3_W2
PRACE4_W2,PRACE4_W2,PRACE4_W2
PRACE5_W2,PRACE5_W2,PRACE5_W2
PRACE6_W2,PRACE6_W2,PRACE6_W2
PRACE7_W2,PRACE7_W2,PRACE7_W2
PRACE8_W2,PRACE8_W2,PRACE8_W2
PRACE9_W2,PRACE9_W2,PRACE9_W2
PHISP_W2,PHISP_W2,PHISP_W2
PQ8A_W2,PQ8A_W2,PQ8A_W2
PQ8B_W2,PQ8B_W2,PQ8B_W2
PQ8C_W2,PQ8C_W2,PQ8C_W2
PQ8D_W2,PQ8D_W2,PQ8D_W2
FLAGPQ8A_W2,FLAGPQ8A_W2,FLAGPQ8A_W2
FLAGPQ8B_W2,FLAGPQ8B_W2,FLAGPQ8B_W2
FLAGPQ8C_W2,FLAGPQ8C_W2,FLAGPQ8C_W2
FLAGPQ8D_W2,FLAGPQ8D_W2,FLAGPQ8D_W2
PQ8AN_W2,PQ8AN_W2,PQ8AN_W2
PQ8BN_W2,PQ8BN_W2,PQ8BN_W2
PQ8CN_W2,PQ8CN_W2,PQ8CN_W2
PQ8DN_W2,PQ8DN_W2,PQ8DN_W2
PLIFESAT1_I_W2,PLIFESAT1_I_W2,PLIFESAT1_I_W2
PLIFESAT2_I_W2,PLIFESAT2_I_W2,PLIFESAT2_I_W2
PLIFESAT3_I_W2,PLIFESAT3_I_W2,PLIFESAT3_I_W2
PLIFESAT4_I_W2,PLIFESAT4_I_W2,PLIFESAT4_I_W2
PELIG_LIFESAT_W2,PELIG_LIFESAT_W2,PELIG_LIFESAT_W2
PLIFESAT_W2,PLIFESAT_W2,PLIFESAT_W2
PLIFESAT_I_W2,PLIFESAT_I_W2,PLIFESAT_I_W2
PQ8E_W2,PQ8E_W2,PQ8E_W2
PQ8F_W2,PQ8F_W2,PQ8F_W2
PQ8G_W2,PQ8G_W2,PQ8G_W2
PQ8H_W2,PQ8H_W2,PQ8H_W2
PQ8I_W2,PQ8I_W2,PQ8I_W2
PQ8J_W2,PQ8J_W2,PQ8J_W2
FLAGPQ8E_W2,FLAGPQ8E_W2,FLAGPQ8E_W2
FLAGPQ8F_W2,FLAGPQ8F_W2,FLAGPQ8F_W2
FLAGPQ8G_W2,FLAGPQ8G_W2,FLAGPQ8G_W2
FLAGPQ8H_W2,FLAGPQ8H_W2,FLAGPQ8H_W2
FLAGPQ8I_W2,FLAGPQ8I_W2,FLAGPQ8I_W2
FLAGPQ8J_W2,FLAGPQ8J_W2,FLAGPQ8J_W2
PQ8EN_W2,PQ8EN_W2,PQ8EN_W2
PQ8FN_W2,PQ8FN_W2,PQ8FN_W2
PQ8GN_W2,PQ8GN_W2,PQ8GN_W2
PQ8HN_W2,PQ8HN_W2,PQ8HN_W2
PQ8IN_W2,PQ8IN_W2,PQ8IN_W2
PQ8JN_W2,PQ8JN_W2,PQ8JN_W2
PELIG_MEDLOC_W2,PELIG_MEDLOC_W2,PELIG_MEDLOC_W2
PMEDLOC_W2,PMEDLOC_W2,PMEDLOC_W2
PMEDLOC_I_W2,PMEDLOC_I_W2,PMEDLOC_I_W2
PQ14_W2,PQ14_W2,PQ14_W2
PQ15_W2,PQ15_W2,PQ15_W2
PQ15A_W2,PQ15A_W2,PQ15A_W2
PQ10X_W2,PQ10X_W2,PQ10X_W2
PQ10_W2,PQ10_W2,PQ10_W2
PQ10A_W2,PQ10A_W2,PQ10A_W2
PQ11_W2,PQ11_W2,PQ11_W2
PQ11NUM_W2,PQ11NUM_W2,PQ11NUM_W2
PQ11WHN_W2,PQ11WHN_W2,PQ11WHN_W2
PQ11A_W2,PQ11A_W2,PQ11A_W2
PQ11A2_W2,PQ11A2_W2,PQ11A2_W2
PQ11B_W2,PQ11B_W2,PQ11B_W2
PQ12_W2,PQ12_W2,PQ12_W2
PQ12B_W2,PQ12B_W2,PQ12B_W2
PQ12C_W2,PQ12C_W2,PQ12C_W2
PQ12D_W2,PQ12D_W2,PQ12D_W2
PQ16A_W2,PQ16A_W2,PQ16A_W2
PQ16B_W2,PQ16B_W2,PQ16B_W2
PQ17_W2,PQ17_W2,PQ17_W2
PQ21_W2,PQ21_W2,PQ21_W2
PQ21_2P_W2,PQ21_2P_W2,PQ21_2P_W2
PQ21E_W2,PQ21E_W2,PQ21E_W2
PQ21D_P_W2,PQ21D_P_W2,PQ21D_P_W2
PQ22_W2,PQ22_W2,PQ22_W2
PQ22A_W2,PQ22A_W2,PQ22A_W2
PSURG_VASECTOMY_W2,PSURG_VASECTOMY_W2,PSURG_VASECTOMY_W2
PSURG_TESTESREM_W2,PSURG_TESTESREM_W2,PSURG_TESTESREM_W2
PSURG_OTHER_W2,PSURG_OTHER_W2,PSURG_OTHER_W2
PQ22C_1_W2,PQ22C_1_W2,PQ22C_1_W2
PQ22C_2_W2,PQ22C_2_W2,PQ22C_2_W2
PQ22C_3_W2,PQ22C_3_W2,PQ22C_3_W2
PQ22C_4_W2,PQ22C_4_W2,PQ22C_4_W2
PQ22C_5_W2,PQ22C_5_W2,PQ22C_5_W2
PQ22C_6_W2,PQ22C_6_W2,PQ22C_6_W2
PQ22C_7_W2,PQ22C_7_W2,PQ22C_7_W2
PQ22C_8_W2,PQ22C_8_W2,PQ22C_8_W2
PQ22C_9_W2,PQ22C_9_W2,PQ22C_9_W2
PQ22C_10_W2,PQ22C_10_W2,PQ22C_10_W2
PQ22C_11_W2,PQ22C_11_W2,PQ22C_11_W2
PQ22C_12_W2,PQ22C_12_W2,PQ22C_12_W2
PQ22C_13_W2,PQ22C_13_W2,PQ22C_13_W2
PQ22C_14_W2,PQ22C_14_W2,PQ22C_14_W2
PQ22E_W2,PQ22E_W2,PQ22E_W2
PQ22D_P_W2,PQ22D_P_W2,PQ22D_P_W2
PQ23_W2,PQ23_W2,PQ23_W2
PQ24_W2,PQ24_W2,PQ24_W2
PQ25_W2,PQ25_W2,PQ25_W2
PQ25C1_W2,PQ25C1_W2,PQ25C1_W2
PQ25C2_W2,PQ25C2_W2,PQ25C2_W2
PQ25C3_W2,PQ25C3_W2,PQ25C3_W2
PQ26_W2,PQ26_W2,PQ26_W2
PQ26A_W2,PQ26A_W2,PQ26A_W2
PQ27_W2,PQ27_W2,PQ27_W2
PQ30_W2,PQ30_W2,PQ30_W2
PQ31F_W2,PQ31F_W2,PQ31F_W2
PQ31F1_W2,PQ31F1_W2,PQ31F1_W2
PQ31F3_A_W2,PQ31F3_A_W2,PQ31F3_A_W2
PQ31G_W2,PQ31G_W2,PQ31G_W2
PQ31H_W2,PQ31H_W2,PQ31H_W2
PQ32_W2,PQ32_W2,PQ32_W2
PQ32A_W2,PQ32A_W2,PQ32A_W2
PQ32B2_W2,PQ32B2_W2,PQ32B2_W2
PQ32C_W2,PQ32C_W2,PQ32C_W2
PQ32C2_W2,PQ32C2_W2,PQ32C2_W2
PQ32F_W2,PQ32F_W2,PQ32F_W2
PQ34A_W2,PQ34A_W2,PQ34A_W2
PQ34B_W2,PQ34B_W2,PQ34B_W2
PQ34C_W2,PQ34C_W2,PQ34C_W2
PQ36B_W2,PQ36B_W2,PQ36B_W2
PQ36C_W2,PQ36C_W2,PQ36C_W2
PQ36D_W2,PQ36D_W2,PQ36D_W2
PQ36F_W2,PQ36F_W2,PQ36F_W2
PQ36G_W2,PQ36G_W2,PQ36G_W2
PQ36H_W2,PQ36H_W2,PQ36H_W2
PQ36I_W2,PQ36I_W2,PQ36I_W2
PQ36J_W2,PQ36J_W2,PQ36J_W2
PQ36K_W2,PQ36K_W2,PQ36K_W2
PQ36L_W2,PQ36L_W2,PQ36L_W2
PQ36M_W2,PQ36M_W2,PQ36M_W2
PQ36M3_W2,PQ36M3_W2,PQ36M3_W2
PQ36O_W2,PQ36O_W2,PQ36O_W2
FLAGPQ36B_W2,FLAGPQ36B_W2,FLAGPQ36B_W2
FLAGPQ36C_W2,FLAGPQ36C_W2,FLAGPQ36C_W2
FLAGPQ36D_W2,FLAGPQ36D_W2,FLAGPQ36D_W2
FLAGPQ36F_W2,FLAGPQ36F_W2,FLAGPQ36F_W2
FLAGPQ36G_W2,FLAGPQ36G_W2,FLAGPQ36G_W2
FLAGPQ36H_W2,FLAGPQ36H_W2,FLAGPQ36H_W2
FLAGPQ36I_W2,FLAGPQ36I_W2,FLAGPQ36I_W2
FLAGPQ36J_W2,FLAGPQ36J_W2,FLAGPQ36J_W2
FLAGPQ36K_W2,FLAGPQ36K_W2,FLAGPQ36K_W2
FLAGPQ36L_W2,FLAGPQ36L_W2,FLAGPQ36L_W2
FLAGPQ36M_W2,FLAGPQ36M_W2,FLAGPQ36M_W2
FLAGPQ36M3_W2,FLAGPQ36M3_W2,FLAGPQ36M3_W2
FLAGPQ36O_W2,FLAGPQ36O_W2,FLAGPQ36O_W2
PQ36BN_W2,PQ36BN_W2,PQ36BN_W2
PQ36CN_W2,PQ36CN_W2,PQ36CN_W2
PQ36DN_W2,PQ36DN_W2,PQ36DN_W2
PQ36FN_W2,PQ36FN_W2,PQ36FN_W2
PQ36GN_W2,PQ36GN_W2,PQ36GN_W2
PQ36HN_W2,PQ36HN_W2,PQ36HN_W2
PQ36IN_W2,PQ36IN_W2,PQ36IN_W2
PQ36JN_W2,PQ36JN_W2,PQ36JN_W2
PQ36KN_W2,PQ36KN_W2,PQ36KN_W2
PQ36LN_W2,PQ36LN_W2,PQ36LN_W2
PQ36MN_W2,PQ36MN_W2,PQ36MN_W2
PQ36M3N_W2,PQ36M3N_W2,PQ36M3N_W2
PQ36ON_W2,PQ36ON_W2,PQ36ON_W2
PELIG_TREATSERIES_W2,PELIG_TREATSERIES_W2,PELIG_TREATSERIES_W2
PNOTREAT_W2,PNOTREAT_W2,PNOTREAT_W2
PNOTREAT_I_W2,PNOTREAT_I_W2,PNOTREAT_I_W2
PQ37A_W2,PQ37A_W2,PQ37A_W2
PQ37E_1_W2,PQ37E_1_W2,PQ37E_1_W2
PQ37E_2_W2,PQ37E_2_W2,PQ37E_2_W2
PQ37E_3_W2,PQ37E_3_W2,PQ37E_3_W2
PQ37E_4_W2,PQ37E_4_W2,PQ37E_4_W2
PQ37E_5_W2,PQ37E_5_W2,PQ37E_5_W2
PQ37E_6_W2,PQ37E_6_W2,PQ37E_6_W2
PQ37E_7_W2,PQ37E_7_W2,PQ37E_7_W2
PQ39A_W2,PQ39A_W2,PQ39A_W2
PQ39B_W2,PQ39B_W2,PQ39B_W2
PQ39C_W2,PQ39C_W2,PQ39C_W2
PQ39E_W2,PQ39E_W2,PQ39E_W2
PQ39G_W2,PQ39G_W2,PQ39G_W2
PQ39I_W2,PQ39I_W2,PQ39I_W2
FLAGPQ39A_W2,FLAGPQ39A_W2,FLAGPQ39A_W2
FLAGPQ39B_W2,FLAGPQ39B_W2,FLAGPQ39B_W2
FLAGPQ39C_W2,FLAGPQ39C_W2,FLAGPQ39C_W2
FLAGPQ39E_W2,FLAGPQ39E_W2,FLAGPQ39E_W2
FLAGPQ39G_W2,FLAGPQ39G_W2,FLAGPQ39G_W2
FLAGPQ39I_W2,FLAGPQ39I_W2,FLAGPQ39I_W2
PQ39AN_W2,PQ39AN_W2,PQ39AN_W2
PQ39BN_W2,PQ39BN_W2,PQ39BN_W2
PQ39CN_W2,PQ39CN_W2,PQ39CN_W2
PQ39EN_W2,PQ39EN_W2,PQ39EN_W2
PQ39GN_W2,PQ39GN_W2,PQ39GN_W2
PQ39IN_W2,PQ39IN_W2,PQ39IN_W2
PELIG_FERTDISTRESS_W2,PELIG_FERTDISTRESS_W2,PELIG_FERTDISTRESS_W2
PFERTDISTRESS_W2,PFERTDISTRESS_W2,PFERTDISTRESS_W2
PFERTDISTRESS_I_W2,PFERTDISTRESS_I_W2,PFERTDISTRESS_I_W2
PQ39D_W2,PQ39D_W2,PQ39D_W2
PQ39H_W2,PQ39H_W2,PQ39H_W2
FLAGPQ39D_W2,FLAGPQ39D_W2,FLAGPQ39D_W2
FLAGPQ39H_W2,FLAGPQ39H_W2,FLAGPQ39H_W2
PQ39DN_W2,PQ39DN_W2,PQ39DN_W2
PQ39HN_W2,PQ39HN_W2,PQ39HN_W2
PFERTBARRIERPOS_W2,PFERTBARRIERPOS_W2,PFERTBARRIERPOS_W2
PFERTBARRIERPOS1_I_W2,PFERTBARRIERPOS1_I_W2,PFERTBARRIERPOS1_I_W2
PFERTBARRIERPOS2_I_W2,PFERTBARRIERPOS2_I_W2,PFERTBARRIERPOS2_I_W2
PFERTBARRIERPOS_I_W2,PFERTBARRIERPOS_I_W2,PFERTBARRIERPOS_I_W2
PQ40_W2,PQ40_W2,PQ40_W2
PQ40A_W2,PQ40A_W2,PQ40A_W2
PQ43A_W2,PQ43A_W2,PQ43A_W2
PQ43C_W2,PQ43C_W2,PQ43C_W2
PQ43D_W2,PQ43D_W2,PQ43D_W2
FLAGPQ43A_W2,FLAGPQ43A_W2,FLAGPQ43A_W2
FLAGPQ43C_W2,FLAGPQ43C_W2,FLAGPQ43C_W2
FLAGPQ43D_W2,FLAGPQ43D_W2,FLAGPQ43D_W2
PQ43AN_W2,PQ43AN_W2,PQ43AN_W2
PQ43CN_W2,PQ43CN_W2,PQ43CN_W2
PQ43DN_W2,PQ43DN_W2,PQ43DN_W2
PPASTINT1_I_W2,PPASTINT1_I_W2,PPASTINT1_I_W2
PPASTINT2_I_W2,PPASTINT2_I_W2,PPASTINT2_I_W2
PPASTINT3_I_W2,PPASTINT3_I_W2,PPASTINT3_I_W2
PPASTINT_I_W2,PPASTINT_I_W2,PPASTINT_I_W2
PELIG_PASTINT_W2,PELIG_PASTINT_W2,PELIG_PASTINT_W2
PPASTINT_W2,PPASTINT_W2,PPASTINT_W2
PQ44A_W2,PQ44A_W2,PQ44A_W2
PQ44C_W2,PQ44C_W2,PQ44C_W2
FLAGPQ44A_W2,FLAGPQ44A_W2,FLAGPQ44A_W2
FLAGPQ44C_W2,FLAGPQ44C_W2,FLAGPQ44C_W2
PQ44AN_W2,PQ44AN_W2,PQ44AN_W2
PQ44CN_W2,PQ44CN_W2,PQ44CN_W2
PPINTEND1_I_W2,PPINTEND1_I_W2,PPINTEND1_I_W2
PPINTEND2_I_W2,PPINTEND2_I_W2,PPINTEND2_I_W2
PELIG_PINTEND_W2,PELIG_PINTEND_W2,PELIG_PINTEND_W2
PPINTEND_W2,PPINTEND_W2,PPINTEND_W2
PPINTEND_I_W2,PPINTEND_I_W2,PPINTEND_I_W2
PQ44D_W2,PQ44D_W2,PQ44D_W2
PQ44E_W2,PQ44E_W2,PQ44E_W2
PQ44F_W2,PQ44F_W2,PQ44F_W2
PQ45A_W2,PQ45A_W2,PQ45A_W2
PQ45B_W2,PQ45B_W2,PQ45B_W2
PQ45C_W2,PQ45C_W2,PQ45C_W2
PQ45D_W2,PQ45D_W2,PQ45D_W2
PQ45E_W2,PQ45E_W2,PQ45E_W2
FLAGPQ45A_W2,FLAGPQ45A_W2,FLAGPQ45A_W2
FLAGPQ45B_W2,FLAGPQ45B_W2,FLAGPQ45B_W2
FLAGPQ45C_W2,FLAGPQ45C_W2,FLAGPQ45C_W2
FLAGPQ45D_W2,FLAGPQ45D_W2,FLAGPQ45D_W2
FLAGPQ45E_W2,FLAGPQ45E_W2,FLAGPQ45E_W2
PQ45AN_W2,PQ45AN_W2,PQ45AN_W2
PQ45BN_W2,PQ45BN_W2,PQ45BN_W2
PQ45CN_W2,PQ45CN_W2,PQ45CN_W2
PQ45DN_W2,PQ45DN_W2,PQ45DN_W2
PQ45EN_W2,PQ45EN_W2,PQ45EN_W2
PELIG_DISTRESS_W2,PELIG_DISTRESS_W2,PELIG_DISTRESS_W2
PDISTRESS_W2,PDISTRESS_W2,PDISTRESS_W2
PDISTRESS_I_W2,PDISTRESS_I_W2,PDISTRESS_I_W2
PQ46A_W2,PQ46A_W2,PQ46A_W2
PQ46B_W2,PQ46B_W2,PQ46B_W2
PQ46C_W2,PQ46C_W2,PQ46C_W2
PQ46E_W2,PQ46E_W2,PQ46E_W2
PQ46G_W2,PQ46G_W2,PQ46G_W2
PQ46I_W2,PQ46I_W2,PQ46I_W2
PELIG_CHILDLESSNEG_W2,PELIG_CHILDLESSNEG_W2,PELIG_CHILDLESSNEG_W2
PCHILDLESSNEG_W2,PCHILDLESSNEG_W2,PCHILDLESSNEG_W2
PQ46D_W2,PQ46D_W2,PQ46D_W2
PQ46H_W2,PQ46H_W2,PQ46H_W2
FLAGPQ46D_W2,FLAGPQ46D_W2,FLAGPQ46D_W2
FLAGPQ46H_W2,FLAGPQ46H_W2,FLAGPQ46H_W2
PQ46DN_W2,PQ46DN_W2,PQ46DN_W2
PQ46HN_W2,PQ46HN_W2,PQ46HN_W2
PELIG_CHILDLESSPOS_W2,PELIG_CHILDLESSPOS_W2,PELIG_CHILDLESSPOS_W2
PCHILDLESSPOS_W2,PCHILDLESSPOS_W2,PCHILDLESSPOS_W2
PCHILDLESSPOS1_I_W2,PCHILDLESSPOS1_I_W2,PCHILDLESSPOS1_I_W2
PCHILDLESSPOS2_I_W2,PCHILDLESSPOS2_I_W2,PCHILDLESSPOS2_I_W2
PCHILDLESSPOS_I_W2,PCHILDLESSPOS_I_W2,PCHILDLESSPOS_I_W2
PQ47_W2,PQ47_W2,PQ47_W2
KIDBARRIER_TEMP_W2,KIDBARRIER_TEMP_W2,KIDBARRIER_TEMP_W2
KIDBARRIER_PERM_W2,KIDBARRIER_PERM_W2,KIDBARRIER_PERM_W2
PQ48A_W2,PQ48A_W2,PQ48A_W2
PQ48B_W2,PQ48B_W2,PQ48B_W2
PQ48C_W2,PQ48C_W2,PQ48C_W2
PQ48D_W2,PQ48D_W2,PQ48D_W2
FLAGPQ48A_W2,FLAGPQ48A_W2,FLAGPQ48A_W2
FLAGPQ48B_W2,FLAGPQ48B_W2,FLAGPQ48B_W2
FLAGPQ48C_W2,FLAGPQ48C_W2,FLAGPQ48C_W2
FLAGPQ48D_W2,FLAGPQ48D_W2,FLAGPQ48D_W2
PQ48AN_W2,PQ48AN_W2,PQ48AN_W2
PQ48BN_W2,PQ48BN_W2,PQ48BN_W2
PQ48CN_W2,PQ48CN_W2,PQ48CN_W2
PQ48DN_W2,PQ48DN_W2,PQ48DN_W2
PSOCSUP1_I_W2,PSOCSUP1_I_W2,PSOCSUP1_I_W2
PSOCSUP2_I_W2,PSOCSUP2_I_W2,PSOCSUP2_I_W2
PSOCSUP3_I_W2,PSOCSUP3_I_W2,PSOCSUP3_I_W2
PSOCSUP4_I_W2,PSOCSUP4_I_W2,PSOCSUP4_I_W2
PELIG_SOCSUP_W2,PELIG_SOCSUP_W2,PELIG_SOCSUP_W2
PSOCSUP_W2,PSOCSUP_W2,PSOCSUP_W2
PSOCSUP_I_W2,PSOCSUP_I_W2,PSOCSUP_I_W2
PQ50_W2,PQ50_W2,PQ50_W2
PQ54A_W2,PQ54A_W2,PQ54A_W2
PQ54B_W2,PQ54B_W2,PQ54B_W2
PQ54C_W2,PQ54C_W2,PQ54C_W2
PQ54D_W2,PQ54D_W2,PQ54D_W2
PQ54E_W2,PQ54E_W2,PQ54E_W2
PQ54F_W2,PQ54F_W2,PQ54F_W2
PQ54G_W2,PQ54G_W2,PQ54G_W2
PQ54H_W2,PQ54H_W2,PQ54H_W2
PQ54I_W2,PQ54I_W2,PQ54I_W2
PQ54J_W2,PQ54J_W2,PQ54J_W2
FLAGPQ54A_W2,FLAGPQ54A_W2,FLAGPQ54A_W2
FLAGPQ54B_W2,FLAGPQ54B_W2,FLAGPQ54B_W2
FLAGPQ54C_W2,FLAGPQ54C_W2,FLAGPQ54C_W2
FLAGPQ54D_W2,FLAGPQ54D_W2,FLAGPQ54D_W2
FLAGPQ54E_W2,FLAGPQ54E_W2,FLAGPQ54E_W2
FLAGPQ54F_W2,FLAGPQ54F_W2,FLAGPQ54F_W2
FLAGPQ54G_W2,FLAGPQ54G_W2,FLAGPQ54G_W2
FLAGPQ54H_W2,FLAGPQ54H_W2,FLAGPQ54H_W2
FLAGPQ54I_W2,FLAGPQ54I_W2,FLAGPQ54I_W2
FLAGPQ54J_W2,FLAGPQ54J_W2,FLAGPQ54J_W2
PQ54AN_W2,PQ54AN_W2,PQ54AN_W2
PQ54BN_W2,PQ54BN_W2,PQ54BN_W2
PQ54CN_W2,PQ54CN_W2,PQ54CN_W2
PQ54DN_W2,PQ54DN_W2,PQ54DN_W2
PQ54EN_W2,PQ54EN_W2,PQ54EN_W2
PQ54FN_W2,PQ54FN_W2,PQ54FN_W2
PQ54GN_W2,PQ54GN_W2,PQ54GN_W2
PQ54HN_W2,PQ54HN_W2,PQ54HN_W2
PQ54IN_W2,PQ54IN_W2,PQ54IN_W2
PQ54JN_W2,PQ54JN_W2,PQ54JN_W2
PELIG_CESD_W2,PELIG_CESD_W2,PELIG_CESD_W2
PCESD_W2,PCESD_W2,PCESD_W2
PCESD_I_W2,PCESD_I_W2,PCESD_I_W2
PQ55_W2,PQ55_W2,PQ55_W2
PQ55A_W2,PQ55A_W2,PQ55A_W2
PQ55B_1_W2,PQ55B_1_W2,PQ55B_1_W2
PQ55B_2_W2,PQ55B_2_W2,PQ55B_2_W2
PQ55B_3_W2,PQ55B_3_W2,PQ55B_3_W2
PQ55B_4_W2,PQ55B_4_W2,PQ55B_4_W2
PQ55B_5_W2,PQ55B_5_W2,PQ55B_5_W2
PQ55B_6_W2,PQ55B_6_W2,PQ55B_6_W2
PQ55B_7_W2,PQ55B_7_W2,PQ55B_7_W2
PQ55B_8_W2,PQ55B_8_W2,PQ55B_8_W2
PQ55B_9_W2,PQ55B_9_W2,PQ55B_9_W2
PQ55C_W2,PQ55C_W2,PQ55C_W2
PQ57_W2,PQ57_W2,PQ57_W2
PQ57A_W2,PQ57A_W2,PQ57A_W2
PQ60A_W2,PQ60A_W2,PQ60A_W2
PQ60B_W2,PQ60B_W2,PQ60B_W2
PQ60C_W2,PQ60C_W2,PQ60C_W2
FLAGPQ60A_W2,FLAGPQ60A_W2,FLAGPQ60A_W2
FLAGPQ60B_W2,FLAGPQ60B_W2,FLAGPQ60B_W2
FLAGPQ60C_W2,FLAGPQ60C_W2,FLAGPQ60C_W2
PQ60AN_W2,PQ60AN_W2,PQ60AN_W2
PQ60BN_W2,PQ60BN_W2,PQ60BN_W2
PQ60CN_W2,PQ60CN_W2,PQ60CN_W2
PMEDSCI1_I_W2,PMEDSCI1_I_W2,PMEDSCI1_I_W2
PMEDSCI2_I_W2,PMEDSCI2_I_W2,PMEDSCI2_I_W2
PMEDSCI3_I_W2,PMEDSCI3_I_W2,PMEDSCI3_I_W2
PELIG_MEDSCI_W2,PELIG_MEDSCI_W2,PELIG_MEDSCI_W2
PMEDSCI_W2,PMEDSCI_W2,PMEDSCI_W2
PMEDSCI_I_W2,PMEDSCI_I_W2,PMEDSCI_I_W2
PQ60D_W2,PQ60D_W2,PQ60D_W2
PQ60E_W2,PQ60E_W2,PQ60E_W2
PQ60F_W2,PQ60F_W2,PQ60F_W2
FLAGPQ60D_W2,FLAGPQ60D_W2,FLAGPQ60D_W2
FLAGPQ60E_W2,FLAGPQ60E_W2,FLAGPQ60E_W2
FLAGPQ60F_W2,FLAGPQ60F_W2,FLAGPQ60F_W2
PQ60DN_W2,PQ60DN_W2,PQ60DN_W2
PQ60EN_W2,PQ60EN_W2,PQ60EN_W2
PQ60FN_W2,PQ60FN_W2,PQ60FN_W2
PSTIGMA1_I_W2,PSTIGMA1_I_W2,PSTIGMA1_I_W2
PSTIGMA2_I_W2,PSTIGMA2_I_W2,PSTIGMA2_I_W2
PSTIGMA3_I_W2,PSTIGMA3_I_W2,PSTIGMA3_I_W2
PELIG_STIGMA_W2,PELIG_STIGMA_W2,PELIG_STIGMA_W2
PSTIGMA_W2,PSTIGMA_W2,PSTIGMA_W2
PSTIGMA_I_W2,PSTIGMA_I_W2,PSTIGMA_I_W2
PQ61A_W2,PQ61A_W2,PQ61A_W2
PQ61B_W2,PQ61B_W2,PQ61B_W2
PQ61C_W2,PQ61C_W2,PQ61C_W2
PQ61D_W2,PQ61D_W2,PQ61D_W2
PQ61E_W2,PQ61E_W2,PQ61E_W2
PQ61F_W2,PQ61F_W2,PQ61F_W2
FLAGPQ61A_W2,FLAGPQ61A_W2,FLAGPQ61A_W2
FLAGPQ61B_W2,FLAGPQ61B_W2,FLAGPQ61B_W2
FLAGPQ61C_W2,FLAGPQ61C_W2,FLAGPQ61C_W2
FLAGPQ61D_W2,FLAGPQ61D_W2,FLAGPQ61D_W2
FLAGPQ61E_W2,FLAGPQ61E_W2,FLAGPQ61E_W2
FLAGPQ61F_W2,FLAGPQ61F_W2,FLAGPQ61F_W2
PQ61AN_W2,PQ61AN_W2,PQ61AN_W2
PQ61BN_W2,PQ61BN_W2,PQ61BN_W2
PQ61CN_W2,PQ61CN_W2,PQ61CN_W2
PQ61DN_W2,PQ61DN_W2,PQ61DN_W2
PQ61EN_W2,PQ61EN_W2,PQ61EN_W2
PQ61FN_W2,PQ61FN_W2,PQ61FN_W2
PELIG_ETHICS_W2,PELIG_ETHICS_W2,PELIG_ETHICS_W2
PETHICS_W2,PETHICS_W2,PETHICS_W2
PETHICS_I_W2,PETHICS_I_W2,PETHICS_I_W2
PQ62_W2,PQ62_W2,PQ62_W2
PQ62A_W2,PQ62A_W2,PQ62A_W2
FLAGPQ62_W2,FLAGPQ62_W2,FLAGPQ62_W2
FLAGPQ62A_W2,FLAGPQ62A_W2,FLAGPQ62A_W2
PQ62N_W2,PQ62N_W2,PQ62N_W2
PQ62AN_W2,PQ62AN_W2,PQ62AN_W2
PETHICSMP1_I_W2,PETHICSMP1_I_W2,PETHICSMP1_I_W2
PETHICSMP2_I_W2,PETHICSMP2_I_W2,PETHICSMP2_I_W2
PETHICSMP_W2,PETHICSMP_W2,PETHICSMP_W2
PETHICSMP_I_W2,PETHICSMP_I_W2,PETHICSMP_I_W2
PQ63A_W2,PQ63A_W2,PQ63A_W2
PQ63B_W2,PQ63B_W2,PQ63B_W2
PQ63C_W2,PQ63C_W2,PQ63C_W2
FLAGPQ63A_W2,FLAGPQ63A_W2,FLAGPQ63A_W2
FLAGPQ63B_W2,FLAGPQ63B_W2,FLAGPQ63B_W2
FLAGPQ63C_W2,FLAGPQ63C_W2,FLAGPQ63C_W2
PQ63AN_W2,PQ63AN_W2,PQ63AN_W2
PQ63BN_W2,PQ63BN_W2,PQ63BN_W2
PQ63CN_W2,PQ63CN_W2,PQ63CN_W2
PSELFEST1_I_W2,PSELFEST1_I_W2,PSELFEST1_I_W2
PSELFEST2_I_W2,PSELFEST2_I_W2,PSELFEST2_I_W2
PSELFEST3_I_W2,PSELFEST3_I_W2,PSELFEST3_I_W2
PELIG_SELFEST_W2,PELIG_SELFEST_W2,PELIG_SELFEST_W2
PSELFEST_W2,PSELFEST_W2,PSELFEST_W2
PSELFEST_I_W2,PSELFEST_I_W2,PSELFEST_I_W2
PQ67_W2,PQ67_W2,PQ67_W2
PQ67A_W2,PQ67A_W2,PQ67A_W2
PQ69_W2,PQ69_W2,PQ69_W2
PQ69A_W2,PQ69A_W2,PQ69A_W2
PQ69B_W2,PQ69B_W2,PQ69B_W2
PQ70_W2,PQ70_W2,PQ70_W2
PQ72_W2,PQ72_W2,PQ72_W2
PQ79_W2,PQ79_W2,PQ79_W2
PQ80_W2,PQ80_W2,PQ80_W2
PQ81_W2,PQ81_W2,PQ81_W2
PQ82_W2,PQ82_W2,PQ82_W2
FLAGPQ79_W2,FLAGPQ79_W2,FLAGPQ79_W2
FLAGPQ80_W2,FLAGPQ80_W2,FLAGPQ80_W2
FLAGPQ81_W2,FLAGPQ81_W2,FLAGPQ81_W2
FLAGPQ82_W2,FLAGPQ82_W2,FLAGPQ82_W2
PQ79N_W2,PQ79N_W2,PQ79N_W2
PQ80N_W2,PQ80N_W2,PQ80N_W2
PQ81N_W2,PQ81N_W2,PQ81N_W2
PQ82N_W2,PQ82N_W2,PQ82N_W2
PELIG_RELIG_W2,PELIG_RELIG_W2,PELIG_RELIG_W2
PRELIG_W2,PRELIG_W2,PRELIG_W2
PQ84_W2,PQ84_W2,PQ84_W2
PQ84_PROTESTANT_W2,PQ84_PROTESTANT_W2,PQ84_PROTESTANT_W2
PQ84_CATHOLIC_W2,PQ84_CATHOLIC_W2,PQ84_CATHOLIC_W2
PQ84_JEWISH_W2,PQ84_JEWISH_W2,PQ84_JEWISH_W2
PQ84_ISLAMIC_W2,PQ84_ISLAMIC_W2,PQ84_ISLAMIC_W2
PQ84_ELSE_W2,PQ84_ELSE_W2,PQ84_ELSE_W2
PQ84_NONE_W2,PQ84_NONE_W2,PQ84_NONE_W2
PQ84_OTHERCHRISTIAN_W2,PQ84_OTHERCHRISTIAN_W2,PQ84_OTHERCHRISTIAN_W2
PV1_IMPPAR_W2,PV1_IMPPAR_W2,PV1_IMPPAR_W2
PV2_LIFESAT_W2,PV2_LIFESAT_W2,PV2_LIFESAT_W2
PV3_MEDLOC_W2,PV3_MEDLOC_W2,PV3_MEDLOC_W2
PV13_SOCSUP_W2,PV13_SOCSUP_W2,PV13_SOCSUP_W2
PV14_CESD_W2,PV14_CESD_W2,PV14_CESD_W2
PV15_MEDSCI_W2,PV15_MEDSCI_W2,PV15_MEDSCI_W2
PV16_STIG_W2,PV16_STIG_W2,PV16_STIG_W2
PV17_ETHIC_W2,PV17_ETHIC_W2,PV17_ETHIC_W2
PV18_ETHMULTPREG_W2,PV18_ETHMULTPREG_W2,PV18_ETHMULTPREG_W2
PV19_SELFEST_W2,PV19_SELFEST_W2,PV19_SELFEST_W2
PV20_RELIG_W2,PV20_RELIG_W2,PV20_RELIG_W2
PUNION_W2,PUNION_W2,PUNION_W2
PFORMER_W2,PFORMER_W2,PFORMER_W2
PBIOPAR_W2,PBIOPAR_W2,PBIOPAR_W2
PSOCPAR_W2,PSOCPAR_W2,PSOCPAR_W2
PSUBFEC_W2,PSUBFEC_W2,PSUBFEC_W2
POTHRMED_W2,POTHRMED_W2,POTHRMED_W2
PBMB_W2,PBMB_W2,PBMB_W2
PWONDER_W2,PWONDER_W2,PWONDER_W2
PDONETRY_W2,PDONETRY_W2,PDONETRY_W2
PMETHOD_W2,PMETHOD_W2,PMETHOD_W2
AAPOR_W2,AAPOR_W2,AAPOR_W2
W1_FULLNAME_DUM,W1_FULLNAME_DUM,W1_FULLNAME_DUM
W1_REF1_DUM,W1_REF1_DUM,W1_REF1_DUM
D_RECADDRESS,D_RECADDRESS,D_RECADDRESS
ELIGIBLE_W2,ELIGIBLE_W2,ELIGIBLE_W2
RESPOND_W2,RESPOND_W2,RESPOND_W2
FWATE_W2,FWATE_W2,FWATE_W2
Q32D_W2,Q32D_W2,Q32D_W2
Q32D_2_W2,Q32D_2_W2,Q32D_2_W2